subject,dataset,baseline,n_train,n_test,accuracy,error
A10,A,CSP_LDA,160.0,80.0,0.8125,
A10,A,FBCSP_proxy_logreg,160.0,80.0,0.7,
A10,A,Riemannian_MDM,160.0,80.0,0.5,
A10,A,Tangent_logreg,160.0,80.0,0.825,
A10,A,engineered_sensorimotor_logreg,160.0,80.0,0.6625,
A11,A,CSP_LDA,160.0,80.0,0.4875,
A11,A,FBCSP_proxy_logreg,160.0,80.0,0.5125,
A11,A,Riemannian_MDM,160.0,80.0,0.5,
A11,A,Tangent_logreg,160.0,80.0,0.5,
A11,A,engineered_sensorimotor_logreg,160.0,80.0,0.5625,
A12,A,CSP_LDA,160.0,80.0,0.5625,
A12,A,FBCSP_proxy_logreg,160.0,80.0,0.5375,
A12,A,Riemannian_MDM,160.0,80.0,0.5,
A12,A,Tangent_logreg,160.0,80.0,0.4875,
A12,A,engineered_sensorimotor_logreg,160.0,80.0,0.525,
A13,A,CSP_LDA,160.0,80.0,0.5,
A13,A,FBCSP_proxy_logreg,160.0,80.0,0.5375,
A13,A,Riemannian_MDM,160.0,80.0,0.5,
A13,A,Tangent_logreg,160.0,80.0,0.625,
A13,A,engineered_sensorimotor_logreg,160.0,80.0,0.5,
A14,A,CSP_LDA,160.0,80.0,0.5375,
A14,A,FBCSP_proxy_logreg,160.0,80.0,0.4875,
A14,A,Riemannian_MDM,160.0,80.0,0.5,
A14,A,Tangent_logreg,160.0,80.0,0.525,
A14,A,engineered_sensorimotor_logreg,160.0,80.0,0.4625,
A15,A,CSP_LDA,160.0,80.0,0.6,
A15,A,FBCSP_proxy_logreg,160.0,80.0,0.6125,
A15,A,Riemannian_MDM,160.0,80.0,0.5,
A15,A,Tangent_logreg,160.0,80.0,0.5625,
A15,A,engineered_sensorimotor_logreg,160.0,80.0,0.65,
A16,A,CSP_LDA,160.0,80.0,0.5625,
A16,A,FBCSP_proxy_logreg,160.0,80.0,0.4875,
A16,A,Riemannian_MDM,160.0,80.0,0.5,
A16,A,Tangent_logreg,160.0,80.0,0.475,
A16,A,engineered_sensorimotor_logreg,160.0,80.0,0.5,
A17,A,CSP_LDA,160.0,80.0,0.4875,
A17,A,FBCSP_proxy_logreg,160.0,80.0,0.6125,
A17,A,Riemannian_MDM,160.0,80.0,0.525,
A17,A,Tangent_logreg,160.0,80.0,0.6375,
A17,A,engineered_sensorimotor_logreg,160.0,80.0,0.55,
A18,A,CSP_LDA,160.0,80.0,0.525,
A18,A,FBCSP_proxy_logreg,160.0,80.0,0.6375,
A18,A,Riemannian_MDM,160.0,80.0,0.5,
A18,A,Tangent_logreg,160.0,80.0,0.9125,
A18,A,engineered_sensorimotor_logreg,160.0,80.0,0.625,
A19,A,CSP_LDA,160.0,80.0,0.7375,
A19,A,FBCSP_proxy_logreg,160.0,80.0,0.75,
A19,A,Riemannian_MDM,160.0,80.0,0.5,
A19,A,Tangent_logreg,160.0,80.0,0.9625,
A19,A,engineered_sensorimotor_logreg,160.0,80.0,0.75,
A1,A,CSP_LDA,160.0,80.0,0.8375,
A1,A,FBCSP_proxy_logreg,160.0,80.0,0.575,
A1,A,Riemannian_MDM,160.0,80.0,0.575,
A1,A,Tangent_logreg,160.0,80.0,0.8625,
A1,A,engineered_sensorimotor_logreg,160.0,80.0,0.5875,
A20,A,CSP_LDA,160.0,80.0,0.6375,
A20,A,FBCSP_proxy_logreg,160.0,80.0,0.725,
A20,A,Riemannian_MDM,160.0,80.0,0.5,
A20,A,Tangent_logreg,160.0,80.0,0.725,
A20,A,engineered_sensorimotor_logreg,160.0,80.0,0.6625,
A21,A,CSP_LDA,160.0,80.0,0.5,
A21,A,FBCSP_proxy_logreg,160.0,80.0,0.6125,
A21,A,Riemannian_MDM,160.0,80.0,0.5,
A21,A,Tangent_logreg,160.0,80.0,0.6875,
A21,A,engineered_sensorimotor_logreg,160.0,80.0,0.5875,
A22,A,CSP_LDA,160.0,80.0,0.9,
A22,A,FBCSP_proxy_logreg,160.0,80.0,0.55,
A22,A,Riemannian_MDM,160.0,80.0,0.5,
A22,A,Tangent_logreg,160.0,80.0,0.775,
A22,A,engineered_sensorimotor_logreg,160.0,80.0,0.6375,
A23,A,CSP_LDA,160.0,80.0,0.5,
A23,A,FBCSP_proxy_logreg,160.0,80.0,0.525,
A23,A,Riemannian_MDM,160.0,80.0,0.5,
A23,A,Tangent_logreg,160.0,80.0,0.825,
A23,A,engineered_sensorimotor_logreg,160.0,80.0,0.5375,
A24,A,CSP_LDA,160.0,80.0,0.8875,
A24,A,FBCSP_proxy_logreg,160.0,80.0,0.65,
A24,A,Riemannian_MDM,160.0,80.0,0.95,
A24,A,Tangent_logreg,160.0,80.0,0.9125,
A24,A,engineered_sensorimotor_logreg,160.0,80.0,0.725,
A25,A,CSP_LDA,160.0,80.0,0.8875,
A25,A,FBCSP_proxy_logreg,160.0,80.0,0.7125,
A25,A,Riemannian_MDM,160.0,80.0,0.5,
A25,A,Tangent_logreg,160.0,80.0,0.8125,
A25,A,engineered_sensorimotor_logreg,160.0,80.0,0.7125,
A26,A,CSP_LDA,160.0,80.0,0.5125,
A26,A,FBCSP_proxy_logreg,160.0,80.0,0.65,
A26,A,Riemannian_MDM,160.0,80.0,0.625,
A26,A,Tangent_logreg,160.0,80.0,0.625,
A26,A,engineered_sensorimotor_logreg,160.0,80.0,0.6625,
A27,A,CSP_LDA,160.0,80.0,0.4375,
A27,A,FBCSP_proxy_logreg,160.0,80.0,0.425,
A27,A,Riemannian_MDM,160.0,80.0,0.5,
A27,A,Tangent_logreg,160.0,80.0,0.45,
A27,A,engineered_sensorimotor_logreg,160.0,80.0,0.4875,
A28,A,CSP_LDA,160.0,80.0,0.5,
A28,A,FBCSP_proxy_logreg,160.0,80.0,0.5125,
A28,A,Riemannian_MDM,160.0,80.0,0.5,
A28,A,Tangent_logreg,160.0,80.0,0.475,
A28,A,engineered_sensorimotor_logreg,160.0,80.0,0.5125,
A29,A,CSP_LDA,160.0,80.0,0.625,
A29,A,FBCSP_proxy_logreg,160.0,80.0,0.5375,
A29,A,Riemannian_MDM,160.0,80.0,0.5,
A29,A,Tangent_logreg,160.0,80.0,0.5,
A29,A,engineered_sensorimotor_logreg,160.0,80.0,0.5,
A2,A,CSP_LDA,160.0,80.0,0.525,
A2,A,FBCSP_proxy_logreg,160.0,80.0,0.5125,
A2,A,Riemannian_MDM,160.0,80.0,0.5,
A2,A,Tangent_logreg,160.0,80.0,0.4875,
A2,A,engineered_sensorimotor_logreg,160.0,80.0,0.525,
A30,A,CSP_LDA,160.0,80.0,0.5,
A30,A,FBCSP_proxy_logreg,160.0,80.0,0.45,
A30,A,Riemannian_MDM,160.0,80.0,0.5,
A30,A,Tangent_logreg,160.0,80.0,0.5,
A30,A,engineered_sensorimotor_logreg,160.0,80.0,0.45,
A31,A,CSP_LDA,160.0,80.0,0.55,
A31,A,FBCSP_proxy_logreg,160.0,80.0,0.4875,
A31,A,Riemannian_MDM,160.0,80.0,0.5,
A31,A,Tangent_logreg,160.0,80.0,0.5,
A31,A,engineered_sensorimotor_logreg,160.0,80.0,0.475,
A32,A,CSP_LDA,160.0,80.0,0.6625,
A32,A,FBCSP_proxy_logreg,160.0,80.0,0.525,
A32,A,Riemannian_MDM,160.0,80.0,0.5,
A32,A,Tangent_logreg,160.0,80.0,0.6375,
A32,A,engineered_sensorimotor_logreg,160.0,80.0,0.55,
A33,A,CSP_LDA,160.0,80.0,0.5,
A33,A,FBCSP_proxy_logreg,160.0,80.0,0.625,
A33,A,Riemannian_MDM,160.0,80.0,0.5,
A33,A,Tangent_logreg,160.0,80.0,0.6875,
A33,A,engineered_sensorimotor_logreg,160.0,80.0,0.5625,
A34,A,CSP_LDA,160.0,80.0,0.45,
A34,A,FBCSP_proxy_logreg,160.0,80.0,0.6375,
A34,A,Riemannian_MDM,160.0,80.0,0.5,
A34,A,Tangent_logreg,160.0,80.0,0.475,
A34,A,engineered_sensorimotor_logreg,160.0,80.0,0.5625,
A35,A,CSP_LDA,160.0,80.0,0.7625,
A35,A,FBCSP_proxy_logreg,160.0,80.0,0.7625,
A35,A,Riemannian_MDM,160.0,80.0,0.5,
A35,A,Tangent_logreg,160.0,80.0,0.875,
A35,A,engineered_sensorimotor_logreg,160.0,80.0,0.8,
A36,A,CSP_LDA,160.0,80.0,0.6125,
A36,A,FBCSP_proxy_logreg,160.0,80.0,0.5375,
A36,A,Riemannian_MDM,160.0,80.0,0.5,
A36,A,Tangent_logreg,160.0,80.0,0.6625,
A36,A,engineered_sensorimotor_logreg,160.0,80.0,0.525,
A37,A,CSP_LDA,160.0,80.0,0.6,
A37,A,FBCSP_proxy_logreg,160.0,80.0,0.525,
A37,A,Riemannian_MDM,160.0,80.0,0.5,
A37,A,Tangent_logreg,160.0,80.0,0.5625,
A37,A,engineered_sensorimotor_logreg,160.0,80.0,0.55,
A38,A,CSP_LDA,160.0,80.0,0.5,
A38,A,FBCSP_proxy_logreg,160.0,80.0,0.55,
A38,A,Riemannian_MDM,160.0,80.0,0.5,
A38,A,Tangent_logreg,160.0,80.0,0.6625,
A38,A,engineered_sensorimotor_logreg,160.0,80.0,0.525,
A39,A,CSP_LDA,160.0,80.0,0.8625,
A39,A,FBCSP_proxy_logreg,160.0,80.0,0.7125,
A39,A,Riemannian_MDM,160.0,80.0,0.5,
A39,A,Tangent_logreg,160.0,80.0,0.95,
A39,A,engineered_sensorimotor_logreg,160.0,80.0,0.8625,
A3,A,CSP_LDA,160.0,80.0,0.5,
A3,A,FBCSP_proxy_logreg,160.0,80.0,0.6375,
A3,A,Riemannian_MDM,160.0,80.0,0.5,
A3,A,Tangent_logreg,160.0,80.0,0.8125,
A3,A,engineered_sensorimotor_logreg,160.0,80.0,0.6,
A40,A,CSP_LDA,152.0,80.0,0.5125,
A40,A,FBCSP_proxy_logreg,152.0,80.0,0.4875,
A40,A,Riemannian_MDM,152.0,80.0,0.5,
A40,A,Tangent_logreg,152.0,80.0,0.5875,
A40,A,engineered_sensorimotor_logreg,152.0,80.0,0.5,
A41,A,CSP_LDA,160.0,80.0,0.525,
A41,A,FBCSP_proxy_logreg,160.0,80.0,0.5125,
A41,A,Riemannian_MDM,160.0,80.0,0.525,
A41,A,Tangent_logreg,160.0,80.0,0.5125,
A41,A,engineered_sensorimotor_logreg,160.0,80.0,0.6375,
A42,A,CSP_LDA,160.0,80.0,0.5625,
A42,A,FBCSP_proxy_logreg,160.0,80.0,0.5,
A42,A,Riemannian_MDM,,,,ValueError('Matrices must be positive definite. You should add regularization to avoid this error.')
A42,A,Tangent_logreg,,,,ValueError('Matrices must be positive definite. You should add regularization to avoid this error.')
A42,A,engineered_sensorimotor_logreg,160.0,80.0,0.5,
A43,A,CSP_LDA,160.0,80.0,0.575,
A43,A,FBCSP_proxy_logreg,160.0,80.0,0.5,
A43,A,Riemannian_MDM,,,,ValueError('Matrices must be positive definite. You should add regularization to avoid this error.')
A43,A,Tangent_logreg,,,,ValueError('Matrices must be positive definite. You should add regularization to avoid this error.')
A43,A,engineered_sensorimotor_logreg,160.0,80.0,0.5,
A44,A,CSP_LDA,160.0,80.0,0.675,
A44,A,FBCSP_proxy_logreg,160.0,80.0,0.5,
A44,A,Riemannian_MDM,,,,ValueError('Matrices must be positive definite. You should add regularization to avoid this error.')
A44,A,Tangent_logreg,,,,ValueError('Matrices must be positive definite. You should add regularization to avoid this error.')
A44,A,engineered_sensorimotor_logreg,160.0,80.0,0.5,
A45,A,CSP_LDA,160.0,80.0,0.5625,
A45,A,FBCSP_proxy_logreg,160.0,80.0,0.5,
A45,A,Riemannian_MDM,,,,ValueError('Matrices must be positive definite. You should add regularization to avoid this error.')
A45,A,Tangent_logreg,,,,ValueError('Matrices must be positive definite. You should add regularization to avoid this error.')
A45,A,engineered_sensorimotor_logreg,160.0,80.0,0.5,
A46,A,CSP_LDA,160.0,80.0,0.5125,
A46,A,FBCSP_proxy_logreg,160.0,80.0,0.5,
A46,A,Riemannian_MDM,,,,ValueError('Matrices must be positive definite. You should add regularization to avoid this error.')
A46,A,Tangent_logreg,,,,ValueError('Matrices must be positive definite. You should add regularization to avoid this error.')
A46,A,engineered_sensorimotor_logreg,160.0,80.0,0.5,
A47,A,CSP_LDA,160.0,80.0,0.4875,
A47,A,FBCSP_proxy_logreg,160.0,80.0,0.5,
A47,A,Riemannian_MDM,,,,ValueError('Matrices must be positive definite. You should add regularization to avoid this error.')
A47,A,Tangent_logreg,,,,ValueError('Matrices must be positive definite. You should add regularization to avoid this error.')
A47,A,engineered_sensorimotor_logreg,160.0,80.0,0.5,
A48,A,CSP_LDA,160.0,80.0,0.675,
A48,A,FBCSP_proxy_logreg,160.0,80.0,0.5,
A48,A,Riemannian_MDM,,,,ValueError('Matrices must be positive definite. You should add regularization to avoid this error.')
A48,A,Tangent_logreg,,,,ValueError('Matrices must be positive definite. You should add regularization to avoid this error.')
A48,A,engineered_sensorimotor_logreg,160.0,80.0,0.5,
A49,A,CSP_LDA,160.0,80.0,0.4875,
A49,A,FBCSP_proxy_logreg,160.0,80.0,0.5,
A49,A,Riemannian_MDM,,,,ValueError('Matrices must be positive definite. You should add regularization to avoid this error.')
A49,A,Tangent_logreg,,,,ValueError('Matrices must be positive definite. You should add regularization to avoid this error.')
A49,A,engineered_sensorimotor_logreg,160.0,80.0,0.5,
A4,A,CSP_LDA,160.0,80.0,0.5375,
A4,A,FBCSP_proxy_logreg,160.0,80.0,0.6125,
A4,A,Riemannian_MDM,160.0,80.0,0.5,
A4,A,Tangent_logreg,160.0,80.0,0.6,
A4,A,engineered_sensorimotor_logreg,160.0,80.0,0.5375,
A50,A,CSP_LDA,160.0,80.0,0.5125,
A50,A,FBCSP_proxy_logreg,160.0,80.0,0.5,
A50,A,Riemannian_MDM,,,,ValueError('Matrices must be positive definite. You should add regularization to avoid this error.')
A50,A,Tangent_logreg,,,,ValueError('Matrices must be positive definite. You should add regularization to avoid this error.')
A50,A,engineered_sensorimotor_logreg,160.0,80.0,0.5,
A51,A,CSP_LDA,160.0,80.0,0.425,
A51,A,FBCSP_proxy_logreg,160.0,80.0,0.5,
A51,A,Riemannian_MDM,,,,ValueError('Matrices must be positive definite. You should add regularization to avoid this error.')
A51,A,Tangent_logreg,,,,ValueError('Matrices must be positive definite. You should add regularization to avoid this error.')
A51,A,engineered_sensorimotor_logreg,160.0,80.0,0.5,
A52,A,CSP_LDA,160.0,80.0,0.65,
A52,A,FBCSP_proxy_logreg,160.0,80.0,0.5,
A52,A,Riemannian_MDM,,,,ValueError('Matrices must be positive definite. You should add regularization to avoid this error.')
A52,A,Tangent_logreg,,,,ValueError('Matrices must be positive definite. You should add regularization to avoid this error.')
A52,A,engineered_sensorimotor_logreg,160.0,80.0,0.5,
A53,A,CSP_LDA,160.0,80.0,0.575,
A53,A,FBCSP_proxy_logreg,160.0,80.0,0.5,
A53,A,Riemannian_MDM,,,,ValueError('Matrices must be positive definite. You should add regularization to avoid this error.')
A53,A,Tangent_logreg,,,,ValueError('Matrices must be positive definite. You should add regularization to avoid this error.')
A53,A,engineered_sensorimotor_logreg,160.0,80.0,0.5,
A54,A,CSP_LDA,160.0,80.0,0.6875,
A54,A,FBCSP_proxy_logreg,160.0,80.0,0.5,
A54,A,Riemannian_MDM,,,,ValueError('Matrices must be positive definite. You should add regularization to avoid this error.')
A54,A,Tangent_logreg,,,,ValueError('Matrices must be positive definite. You should add regularization to avoid this error.')
A54,A,engineered_sensorimotor_logreg,160.0,80.0,0.5,
A55,A,CSP_LDA,160.0,80.0,0.9,
A55,A,FBCSP_proxy_logreg,160.0,80.0,0.5,
A55,A,Riemannian_MDM,,,,ValueError('Matrices must be positive definite. You should add regularization to avoid this error.')
A55,A,Tangent_logreg,,,,ValueError('Matrices must be positive definite. You should add regularization to avoid this error.')
A55,A,engineered_sensorimotor_logreg,160.0,80.0,0.5,
A56,A,CSP_LDA,160.0,80.0,0.8125,
A56,A,FBCSP_proxy_logreg,160.0,80.0,0.5,
A56,A,Riemannian_MDM,,,,ValueError('Matrices must be positive definite. You should add regularization to avoid this error.')
A56,A,Tangent_logreg,,,,ValueError('Matrices must be positive definite. You should add regularization to avoid this error.')
A56,A,engineered_sensorimotor_logreg,160.0,80.0,0.5,
A57,A,CSP_LDA,160.0,80.0,0.7125,
A57,A,FBCSP_proxy_logreg,160.0,80.0,0.5,
A57,A,Riemannian_MDM,,,,ValueError('Matrices must be positive definite. You should add regularization to avoid this error.')
A57,A,Tangent_logreg,,,,ValueError('Matrices must be positive definite. You should add regularization to avoid this error.')
A57,A,engineered_sensorimotor_logreg,160.0,80.0,0.5,
A58,A,CSP_LDA,160.0,80.0,0.55,
A58,A,FBCSP_proxy_logreg,160.0,80.0,0.5,
A58,A,Riemannian_MDM,,,,ValueError('Matrices must be positive definite. You should add regularization to avoid this error.')
A58,A,Tangent_logreg,,,,ValueError('Matrices must be positive definite. You should add regularization to avoid this error.')
A58,A,engineered_sensorimotor_logreg,160.0,80.0,0.5,
A5,A,CSP_LDA,160.0,80.0,0.5,
A5,A,FBCSP_proxy_logreg,160.0,80.0,0.475,
A5,A,Riemannian_MDM,160.0,80.0,0.5,
A5,A,Tangent_logreg,160.0,80.0,0.5125,
A5,A,engineered_sensorimotor_logreg,160.0,80.0,0.475,
A60,A,CSP_LDA,160.0,80.0,0.625,
A60,A,FBCSP_proxy_logreg,160.0,80.0,0.5,
A60,A,Riemannian_MDM,,,,ValueError('Matrices must be positive definite. You should add regularization to avoid this error.')
A60,A,Tangent_logreg,,,,ValueError('Matrices must be positive definite. You should add regularization to avoid this error.')
A60,A,engineered_sensorimotor_logreg,160.0,80.0,0.5,
A6,A,CSP_LDA,160.0,80.0,0.625,
A6,A,FBCSP_proxy_logreg,160.0,80.0,0.5125,
A6,A,Riemannian_MDM,160.0,80.0,0.5,
A6,A,Tangent_logreg,160.0,80.0,0.625,
A6,A,engineered_sensorimotor_logreg,160.0,80.0,0.5125,
A7,A,CSP_LDA,160.0,80.0,0.5,
A7,A,FBCSP_proxy_logreg,160.0,80.0,0.525,
A7,A,Riemannian_MDM,160.0,80.0,0.5,
A7,A,Tangent_logreg,160.0,80.0,0.6125,
A7,A,engineered_sensorimotor_logreg,160.0,80.0,0.5875,
A8,A,CSP_LDA,160.0,80.0,0.575,
A8,A,FBCSP_proxy_logreg,160.0,80.0,0.5875,
A8,A,Riemannian_MDM,160.0,80.0,0.5,
A8,A,Tangent_logreg,160.0,80.0,0.5,
A8,A,engineered_sensorimotor_logreg,160.0,80.0,0.5875,
A9,A,CSP_LDA,160.0,80.0,0.5,
A9,A,FBCSP_proxy_logreg,160.0,80.0,0.5125,
A9,A,Riemannian_MDM,160.0,80.0,0.5,
A9,A,Tangent_logreg,160.0,80.0,0.5,
A9,A,engineered_sensorimotor_logreg,160.0,80.0,0.65,
B61,B,CSP_LDA,160.0,80.0,0.5,
B61,B,FBCSP_proxy_logreg,160.0,80.0,0.6375,
B61,B,Riemannian_MDM,160.0,80.0,0.7125,
B61,B,Tangent_logreg,160.0,80.0,0.7,
B61,B,engineered_sensorimotor_logreg,160.0,80.0,0.575,
B62,B,CSP_LDA,160.0,80.0,0.9,
B62,B,FBCSP_proxy_logreg,160.0,80.0,0.825,
B62,B,Riemannian_MDM,160.0,80.0,0.9125,
B62,B,Tangent_logreg,160.0,80.0,0.8375,
B62,B,engineered_sensorimotor_logreg,160.0,80.0,0.7125,
B63,B,CSP_LDA,160.0,80.0,0.5,
B63,B,FBCSP_proxy_logreg,160.0,80.0,0.5625,
B63,B,Riemannian_MDM,160.0,80.0,0.6,
B63,B,Tangent_logreg,160.0,80.0,0.5875,
B63,B,engineered_sensorimotor_logreg,160.0,80.0,0.575,
B64,B,CSP_LDA,160.0,80.0,0.525,
B64,B,FBCSP_proxy_logreg,160.0,80.0,0.5875,
B64,B,Riemannian_MDM,160.0,80.0,0.55,
B64,B,Tangent_logreg,160.0,80.0,0.5,
B64,B,engineered_sensorimotor_logreg,160.0,80.0,0.6,
B65,B,CSP_LDA,160.0,80.0,0.5875,
B65,B,FBCSP_proxy_logreg,160.0,80.0,0.6375,
B65,B,Riemannian_MDM,160.0,80.0,0.7625,
B65,B,Tangent_logreg,160.0,80.0,0.9,
B65,B,engineered_sensorimotor_logreg,160.0,80.0,0.725,
B66,B,CSP_LDA,160.0,80.0,0.4875,
B66,B,FBCSP_proxy_logreg,160.0,80.0,0.625,
B66,B,Riemannian_MDM,160.0,80.0,0.6625,
B66,B,Tangent_logreg,160.0,80.0,0.65,
B66,B,engineered_sensorimotor_logreg,160.0,80.0,0.6375,
B67,B,CSP_LDA,160.0,80.0,0.5,
B67,B,FBCSP_proxy_logreg,160.0,80.0,0.55,
B67,B,Riemannian_MDM,160.0,80.0,0.5,
B67,B,Tangent_logreg,160.0,80.0,0.5375,
B67,B,engineered_sensorimotor_logreg,160.0,80.0,0.5375,
B68,B,CSP_LDA,160.0,80.0,0.5,
B68,B,FBCSP_proxy_logreg,160.0,80.0,0.6375,
B68,B,Riemannian_MDM,160.0,80.0,0.5375,
B68,B,Tangent_logreg,160.0,80.0,0.5,
B68,B,engineered_sensorimotor_logreg,160.0,80.0,0.5625,
B69,B,CSP_LDA,160.0,80.0,0.85,
B69,B,FBCSP_proxy_logreg,160.0,80.0,0.6875,
B69,B,Riemannian_MDM,160.0,80.0,0.5625,
B69,B,Tangent_logreg,160.0,80.0,0.95,
B69,B,engineered_sensorimotor_logreg,160.0,80.0,0.625,
B70,B,CSP_LDA,160.0,80.0,0.475,
B70,B,FBCSP_proxy_logreg,160.0,80.0,0.525,
B70,B,Riemannian_MDM,160.0,80.0,0.5125,
B70,B,Tangent_logreg,160.0,80.0,0.4375,
B70,B,engineered_sensorimotor_logreg,160.0,80.0,0.4875,
B71,B,CSP_LDA,160.0,80.0,0.5125,
B71,B,FBCSP_proxy_logreg,160.0,80.0,0.55,
B71,B,Riemannian_MDM,160.0,80.0,0.4875,
B71,B,Tangent_logreg,160.0,80.0,0.525,
B71,B,engineered_sensorimotor_logreg,160.0,80.0,0.5625,
B72,B,CSP_LDA,160.0,80.0,0.525,
B72,B,FBCSP_proxy_logreg,160.0,80.0,0.6125,
B72,B,Riemannian_MDM,160.0,80.0,0.5875,
B72,B,Tangent_logreg,160.0,80.0,0.5,
B72,B,engineered_sensorimotor_logreg,160.0,80.0,0.525,
B73,B,CSP_LDA,160.0,80.0,0.6,
B73,B,FBCSP_proxy_logreg,160.0,80.0,0.6375,
B73,B,Riemannian_MDM,160.0,80.0,0.6625,
B73,B,Tangent_logreg,160.0,80.0,0.675,
B73,B,engineered_sensorimotor_logreg,160.0,80.0,0.6,
B74,B,CSP_LDA,160.0,80.0,0.7375,
B74,B,FBCSP_proxy_logreg,160.0,80.0,0.7125,
B74,B,Riemannian_MDM,160.0,80.0,0.775,
B74,B,Tangent_logreg,160.0,80.0,0.7,
B74,B,engineered_sensorimotor_logreg,160.0,80.0,0.5875,
B75,B,CSP_LDA,160.0,80.0,0.5,
B75,B,FBCSP_proxy_logreg,160.0,80.0,0.5875,
B75,B,Riemannian_MDM,160.0,80.0,0.525,
B75,B,Tangent_logreg,160.0,80.0,0.6,
B75,B,engineered_sensorimotor_logreg,160.0,80.0,0.5625,
B76,B,CSP_LDA,160.0,80.0,0.7375,
B76,B,FBCSP_proxy_logreg,160.0,80.0,0.7625,
B76,B,Riemannian_MDM,160.0,80.0,0.975,
B76,B,Tangent_logreg,160.0,80.0,0.9875,
B76,B,engineered_sensorimotor_logreg,160.0,80.0,0.8,
B77,B,CSP_LDA,160.0,80.0,0.5625,
B77,B,FBCSP_proxy_logreg,160.0,80.0,0.6125,
B77,B,Riemannian_MDM,160.0,80.0,0.5375,
B77,B,Tangent_logreg,160.0,80.0,0.5375,
B77,B,engineered_sensorimotor_logreg,160.0,80.0,0.5125,
B78,B,CSP_LDA,160.0,80.0,0.5,
B78,B,FBCSP_proxy_logreg,160.0,80.0,0.7875,
B78,B,Riemannian_MDM,160.0,80.0,0.6625,
B78,B,Tangent_logreg,160.0,80.0,0.95,
B78,B,engineered_sensorimotor_logreg,160.0,80.0,0.8,
B79,B,CSP_LDA,160.0,80.0,0.7375,
B79,B,FBCSP_proxy_logreg,160.0,80.0,0.7,
B79,B,Riemannian_MDM,160.0,80.0,0.85,
B79,B,Tangent_logreg,160.0,80.0,0.9125,
B79,B,engineered_sensorimotor_logreg,160.0,80.0,0.6,
B80,B,CSP_LDA,160.0,80.0,0.525,
B80,B,FBCSP_proxy_logreg,160.0,80.0,0.525,
B80,B,Riemannian_MDM,160.0,80.0,0.5625,
B80,B,Tangent_logreg,160.0,80.0,0.5875,
B80,B,engineered_sensorimotor_logreg,160.0,80.0,0.575,
B81,B,CSP_LDA,160.0,80.0,0.5,
B81,B,FBCSP_proxy_logreg,160.0,80.0,0.5,
B81,B,Riemannian_MDM,160.0,80.0,0.4875,
B81,B,Tangent_logreg,160.0,80.0,0.5,
B81,B,engineered_sensorimotor_logreg,160.0,80.0,0.475,
C82,C,CSP_LDA,160.0,80.0,0.5875,
C82,C,FBCSP_proxy_logreg,160.0,80.0,0.4375,
C82,C,Riemannian_MDM,160.0,80.0,0.525,
C82,C,Tangent_logreg,160.0,80.0,0.4625,
C82,C,engineered_sensorimotor_logreg,160.0,80.0,0.6,
C83,C,CSP_LDA,160.0,80.0,0.75,
C83,C,FBCSP_proxy_logreg,160.0,80.0,0.5,
C83,C,Riemannian_MDM,,,,ValueError('Matrices must be positive definite. You should add regularization to avoid this error.')
C83,C,Tangent_logreg,,,,ValueError('Matrices must be positive definite. You should add regularization to avoid this error.')
C83,C,engineered_sensorimotor_logreg,160.0,80.0,0.5,
C84,C,CSP_LDA,160.0,80.0,0.8375,
C84,C,FBCSP_proxy_logreg,160.0,80.0,0.625,
C84,C,Riemannian_MDM,160.0,80.0,0.55,
C84,C,Tangent_logreg,160.0,80.0,0.6875,
C84,C,engineered_sensorimotor_logreg,160.0,80.0,0.7,
C85,C,CSP_LDA,160.0,80.0,0.7375,
C85,C,FBCSP_proxy_logreg,160.0,80.0,0.5,
C85,C,Riemannian_MDM,,,,ValueError('Matrices must be positive definite. You should add regularization to avoid this error.')
C85,C,Tangent_logreg,,,,ValueError('Matrices must be positive definite. You should add regularization to avoid this error.')
C85,C,engineered_sensorimotor_logreg,160.0,80.0,0.5,
C86,C,CSP_LDA,160.0,80.0,0.6625,
C86,C,FBCSP_proxy_logreg,160.0,80.0,0.5875,
C86,C,Riemannian_MDM,160.0,80.0,0.6625,
C86,C,Tangent_logreg,160.0,80.0,0.625,
C86,C,engineered_sensorimotor_logreg,160.0,80.0,0.55,
C87,C,CSP_LDA,160.0,80.0,0.8625,
C87,C,FBCSP_proxy_logreg,160.0,80.0,0.9125,
C87,C,Riemannian_MDM,160.0,80.0,0.9,
C87,C,Tangent_logreg,160.0,80.0,0.7625,
C87,C,engineered_sensorimotor_logreg,160.0,80.0,0.9125,
