replicate,state_permutation_group_mean_gap,state_permutation_effective_subjects,random_variable_group_mean_gap,random_variable_effective_subjects,validity_label,config_hash
0,0.01273871798257091,57,-0.013187598005642924,57,full_predeclared_inference,e90eda294b47248d
1,-0.014662666510768353,57,-0.001222314885986297,57,full_predeclared_inference,e90eda294b47248d
2,-0.006421674152925882,57,-0.001969129288181009,57,full_predeclared_inference,e90eda294b47248d
3,-0.001765166305859396,57,0.005481244894657022,57,full_predeclared_inference,e90eda294b47248d
4,-0.006478579237607045,57,-0.002838549550822424,57,full_predeclared_inference,e90eda294b47248d
5,0.00841574993775607,57,-0.014156314200847113,57,full_predeclared_inference,e90eda294b47248d
6,-0.006949366483833679,57,0.0038732934268212718,57,full_predeclared_inference,e90eda294b47248d
7,0.0016333246640547934,57,-0.005259748629618137,57,full_predeclared_inference,e90eda294b47248d
8,0.004764144622933847,57,0.006910067341271715,57,full_predeclared_inference,e90eda294b47248d
9,0.005707641831063704,57,-0.005152206094122412,57,full_predeclared_inference,e90eda294b47248d
10,0.00037438609587985515,57,0.005206618312275449,57,full_predeclared_inference,e90eda294b47248d
11,-0.0051502852099467806,57,0.003753982239946691,57,full_predeclared_inference,e90eda294b47248d
12,-0.0008084501885357694,57,-0.009392094888533655,57,full_predeclared_inference,e90eda294b47248d
13,-0.0024808307121109954,57,-0.013519552867179062,57,full_predeclared_inference,e90eda294b47248d
14,0.004606989890095482,57,-0.008756600562719853,57,full_predeclared_inference,e90eda294b47248d
15,-0.005469582032096939,57,-0.005043902837969535,57,full_predeclared_inference,e90eda294b47248d
16,-0.0038937760641531145,57,-0.016061721805880842,57,full_predeclared_inference,e90eda294b47248d
17,-0.003977927644232993,57,-0.0027718634796777986,57,full_predeclared_inference,e90eda294b47248d
18,-0.009303538343953442,57,0.015750953958240003,57,full_predeclared_inference,e90eda294b47248d
19,-0.0021381203970930714,57,0.010836709829286412,57,full_predeclared_inference,e90eda294b47248d
20,-0.00327108342512356,57,-0.0007824258439774428,57,full_predeclared_inference,e90eda294b47248d
21,-0.013031845956783243,57,-0.013182251796732032,57,full_predeclared_inference,e90eda294b47248d
22,0.007774095373616385,57,-0.0017158643796021604,57,full_predeclared_inference,e90eda294b47248d
23,-0.0011617770846904124,57,-0.010132543816263911,57,full_predeclared_inference,e90eda294b47248d
24,0.004502923188522343,57,-0.002403689145989611,57,full_predeclared_inference,e90eda294b47248d
25,-0.009480587273982974,57,-0.009673073434111962,57,full_predeclared_inference,e90eda294b47248d
26,-0.008343181102418114,57,0.0015717454764755342,57,full_predeclared_inference,e90eda294b47248d
27,-0.012615584706034313,57,0.011136117499625169,57,full_predeclared_inference,e90eda294b47248d
28,0.004033792754007725,57,0.01033096171771529,57,full_predeclared_inference,e90eda294b47248d
29,-0.019435099267028296,57,0.01665825142035526,57,full_predeclared_inference,e90eda294b47248d
30,-0.0011555797139509486,57,-0.013139580094796023,57,full_predeclared_inference,e90eda294b47248d
31,0.0015276486720022548,57,0.0007933787608940802,57,full_predeclared_inference,e90eda294b47248d
32,-0.004497192140583892,57,-0.011111699858144648,57,full_predeclared_inference,e90eda294b47248d
33,-0.006376446325156545,57,-0.0027058102765477616,57,full_predeclared_inference,e90eda294b47248d
34,-0.0035774060157064665,57,-0.002977085911806523,57,full_predeclared_inference,e90eda294b47248d
35,-0.007910898087714242,57,-0.002082115591289674,57,full_predeclared_inference,e90eda294b47248d
36,-0.005522837812405044,57,-0.004707755338497129,57,full_predeclared_inference,e90eda294b47248d
37,0.002441317308612857,57,0.00626367936172646,57,full_predeclared_inference,e90eda294b47248d
38,-0.004682763431412017,57,0.009978858439794848,57,full_predeclared_inference,e90eda294b47248d
39,0.017497502499803093,57,0.01319411054756086,57,full_predeclared_inference,e90eda294b47248d
40,0.004551908923801653,57,-0.009067375204332402,57,full_predeclared_inference,e90eda294b47248d
41,0.000650271819092426,57,0.002305198462141332,57,full_predeclared_inference,e90eda294b47248d
42,-0.021229993465505304,57,-0.007004003139924158,57,full_predeclared_inference,e90eda294b47248d
43,-0.005444722869010491,57,-0.00020826679486371855,57,full_predeclared_inference,e90eda294b47248d
44,-0.0038373162554632438,57,0.008443266727250156,57,full_predeclared_inference,e90eda294b47248d
45,0.014157965819482142,57,-0.0034294654080648406,57,full_predeclared_inference,e90eda294b47248d
46,0.019251913444619614,57,-0.000522866253788702,57,full_predeclared_inference,e90eda294b47248d
47,-0.015187462020644278,57,-0.018803992358258716,57,full_predeclared_inference,e90eda294b47248d
48,0.006210367309335141,57,0.01593731656932855,57,full_predeclared_inference,e90eda294b47248d
49,-0.012120343042696359,57,0.005074701108904766,57,full_predeclared_inference,e90eda294b47248d
50,0.017847169814482252,57,-0.00233992419379178,57,full_predeclared_inference,e90eda294b47248d
51,-0.001111925784241487,57,0.006363639656423835,57,full_predeclared_inference,e90eda294b47248d
52,-0.003951627314190204,57,-0.004589176737179573,57,full_predeclared_inference,e90eda294b47248d
53,0.001162016572683027,57,-0.006738783192864679,57,full_predeclared_inference,e90eda294b47248d
54,-0.009291180543721102,57,0.004458276620673981,57,full_predeclared_inference,e90eda294b47248d
55,-0.0058162942143435495,57,-0.0038252237504206796,57,full_predeclared_inference,e90eda294b47248d
56,-0.0021567194722229535,57,-0.00387402356291493,57,full_predeclared_inference,e90eda294b47248d
57,0.004571208139381414,57,0.0012843275513613722,57,full_predeclared_inference,e90eda294b47248d
58,0.011996496060721375,57,0.0030919355861231197,57,full_predeclared_inference,e90eda294b47248d
59,-0.006730987948291461,57,0.00030219604046721895,57,full_predeclared_inference,e90eda294b47248d
60,0.005577102173940746,57,-0.017133606211517823,57,full_predeclared_inference,e90eda294b47248d
61,-0.01213819111636359,57,-0.0008358946678378847,57,full_predeclared_inference,e90eda294b47248d
62,0.014137341667780648,57,0.0028635348070373255,57,full_predeclared_inference,e90eda294b47248d
63,0.00043392116239753046,57,0.004717483873053567,57,full_predeclared_inference,e90eda294b47248d
64,-0.001500622197992191,57,0.01108502211976987,57,full_predeclared_inference,e90eda294b47248d
65,-0.008220021526951128,57,-0.003067236467410108,57,full_predeclared_inference,e90eda294b47248d
66,-0.0012773684683163116,57,0.0018478263985838596,57,full_predeclared_inference,e90eda294b47248d
67,-0.012598789135616758,57,-0.0147319925355079,57,full_predeclared_inference,e90eda294b47248d
68,-0.001615784135841522,57,0.012573250728596722,57,full_predeclared_inference,e90eda294b47248d
69,-0.004551186547576625,57,-0.0010980223766506685,57,full_predeclared_inference,e90eda294b47248d
70,0.01670004032731549,57,-0.0007432055689344294,57,full_predeclared_inference,e90eda294b47248d
71,-0.013678495923575883,57,-0.012844734799624329,57,full_predeclared_inference,e90eda294b47248d
72,-0.018769865517440577,57,0.013667966636827778,57,full_predeclared_inference,e90eda294b47248d
73,0.014054406944905208,57,0.005912484384686765,57,full_predeclared_inference,e90eda294b47248d
74,0.0019404276759515914,57,0.007085110065739813,57,full_predeclared_inference,e90eda294b47248d
75,0.003450945812548946,57,0.01834375990227448,57,full_predeclared_inference,e90eda294b47248d
76,0.015324176407505257,57,-0.0050084313172680545,57,full_predeclared_inference,e90eda294b47248d
77,-0.011790318081549985,57,-0.007192972211484455,57,full_predeclared_inference,e90eda294b47248d
78,-0.01792422259653897,57,0.0025690760238706108,57,full_predeclared_inference,e90eda294b47248d
79,0.015547696924001942,57,-0.0073640861257807414,57,full_predeclared_inference,e90eda294b47248d
80,-0.006951210740844067,57,-0.011760694986216003,57,full_predeclared_inference,e90eda294b47248d
81,-0.011926631615265519,57,-0.001301987101394374,57,full_predeclared_inference,e90eda294b47248d
82,-0.006060993565251465,57,-0.01678107539620083,57,full_predeclared_inference,e90eda294b47248d
83,-0.007891204275003682,57,-0.004280976713821809,57,full_predeclared_inference,e90eda294b47248d
84,-0.006928225270758272,57,-0.012463044329908142,57,full_predeclared_inference,e90eda294b47248d
85,0.02178116155354238,57,-0.01988333507396959,57,full_predeclared_inference,e90eda294b47248d
86,-0.01385529001238304,57,-0.0027925446807800804,57,full_predeclared_inference,e90eda294b47248d
87,0.005184906619113664,57,0.0009690398584689071,57,full_predeclared_inference,e90eda294b47248d
88,0.0011346210030481216,57,-0.00028302727401735415,57,full_predeclared_inference,e90eda294b47248d
89,0.0007464574230497006,57,0.012281975434638806,57,full_predeclared_inference,e90eda294b47248d
90,-0.006638371678115701,57,-0.00019992537355897314,57,full_predeclared_inference,e90eda294b47248d
91,-0.002792061168680763,57,0.004290823641703389,57,full_predeclared_inference,e90eda294b47248d
92,-0.0024541595623610844,57,-0.004564781325539795,57,full_predeclared_inference,e90eda294b47248d
93,-0.0038556828964150295,57,-0.0013645811859630862,57,full_predeclared_inference,e90eda294b47248d
94,-0.019681136981974656,57,0.007074383433283354,57,full_predeclared_inference,e90eda294b47248d
95,0.004916331429557996,57,-0.0051185058789837016,57,full_predeclared_inference,e90eda294b47248d
96,0.003960844630511133,57,-0.00905878272555605,57,full_predeclared_inference,e90eda294b47248d
97,-0.0018303642323686993,57,0.0031315925740082115,57,full_predeclared_inference,e90eda294b47248d
98,-0.00635695614453225,57,0.020958211612460004,57,full_predeclared_inference,e90eda294b47248d
99,-0.014123787809449149,57,0.0014933048807037545,57,full_predeclared_inference,e90eda294b47248d
100,0.007751078444663953,57,-0.01077326599961278,57,full_predeclared_inference,e90eda294b47248d
101,-0.010142176291312624,57,0.004589778942075429,57,full_predeclared_inference,e90eda294b47248d
102,-0.005089945765243342,57,0.0006775585078012028,57,full_predeclared_inference,e90eda294b47248d
103,0.0235791971169195,57,0.011135976628931102,57,full_predeclared_inference,e90eda294b47248d
104,0.01173194626111769,57,-0.0024299006496160073,57,full_predeclared_inference,e90eda294b47248d
105,-0.0018089128316179346,57,0.013232824541724905,57,full_predeclared_inference,e90eda294b47248d
106,0.01782896065327511,57,0.00526173227116398,57,full_predeclared_inference,e90eda294b47248d
107,-0.003543505963873818,57,-0.00856573748134562,57,full_predeclared_inference,e90eda294b47248d
108,0.009144641237199162,57,0.000995001767093427,57,full_predeclared_inference,e90eda294b47248d
109,0.0059115908159236945,57,0.013681875351912903,57,full_predeclared_inference,e90eda294b47248d
110,-0.009020517421224724,57,0.009784047877454941,57,full_predeclared_inference,e90eda294b47248d
111,-0.01425363224704017,57,0.003102919207210245,57,full_predeclared_inference,e90eda294b47248d
112,-0.006407799471814934,57,0.012738114984113468,57,full_predeclared_inference,e90eda294b47248d
113,-0.011686496874166435,57,0.011537710990788236,57,full_predeclared_inference,e90eda294b47248d
114,0.0019338704696537712,57,0.021405621446086005,57,full_predeclared_inference,e90eda294b47248d
115,0.003737583845970408,57,-0.00607326121926594,57,full_predeclared_inference,e90eda294b47248d
116,-0.017143148305105205,57,0.006767328188774461,57,full_predeclared_inference,e90eda294b47248d
117,-0.00570570535384309,57,0.02799677606010413,57,full_predeclared_inference,e90eda294b47248d
118,0.0054464545389699024,57,0.022199652141503958,57,full_predeclared_inference,e90eda294b47248d
119,0.004464823445612588,57,0.01851626422233066,57,full_predeclared_inference,e90eda294b47248d
120,0.02813063792678663,57,-0.018324665822528285,57,full_predeclared_inference,e90eda294b47248d
121,-0.008964863362052516,57,0.006389619463247501,57,full_predeclared_inference,e90eda294b47248d
122,-0.008700941657389804,57,-0.0019594033279159893,57,full_predeclared_inference,e90eda294b47248d
123,0.006009802767061043,57,-0.025783434806245648,57,full_predeclared_inference,e90eda294b47248d
124,-0.016442101937072354,57,0.003645830888649779,57,full_predeclared_inference,e90eda294b47248d
125,-0.006278421664647046,57,0.005892196855463019,57,full_predeclared_inference,e90eda294b47248d
126,0.01567066186386554,57,0.0026503361024527994,57,full_predeclared_inference,e90eda294b47248d
127,-0.00025596187960017045,57,-0.012177556396298674,57,full_predeclared_inference,e90eda294b47248d
128,0.003894489972168792,57,-0.013823442968263417,57,full_predeclared_inference,e90eda294b47248d
129,-0.003242658766639005,57,-0.014884601852991704,57,full_predeclared_inference,e90eda294b47248d
130,-0.0023582327597488693,57,-0.009610264531585812,57,full_predeclared_inference,e90eda294b47248d
131,0.011042218888045952,57,0.009978860065208966,57,full_predeclared_inference,e90eda294b47248d
132,-0.009543545893825282,57,0.009764300834700685,57,full_predeclared_inference,e90eda294b47248d
133,0.01177484169960736,57,-0.0004819119803242877,57,full_predeclared_inference,e90eda294b47248d
134,-0.0026177281972369053,57,0.005427933486627432,57,full_predeclared_inference,e90eda294b47248d
135,-0.014546724441456046,57,0.0066538797898223305,57,full_predeclared_inference,e90eda294b47248d
136,-0.006572307607332762,57,0.011464757357327209,57,full_predeclared_inference,e90eda294b47248d
137,-0.0041889745380998735,57,-0.013764291138302702,57,full_predeclared_inference,e90eda294b47248d
138,0.004505948529988728,57,-0.0009505202358116144,57,full_predeclared_inference,e90eda294b47248d
139,-0.022542915156104987,57,0.013372710550491896,57,full_predeclared_inference,e90eda294b47248d
140,-0.01602602219451743,57,0.010277703797948165,57,full_predeclared_inference,e90eda294b47248d
141,-0.005356790785159718,57,-0.007492988372513361,57,full_predeclared_inference,e90eda294b47248d
142,-0.010043079302272332,57,-0.00042708370133899386,57,full_predeclared_inference,e90eda294b47248d
143,-0.0011781770912817318,57,0.0012178977213058947,57,full_predeclared_inference,e90eda294b47248d
144,-0.008359830953794911,57,0.011253803078682737,57,full_predeclared_inference,e90eda294b47248d
145,0.011210924570826125,57,-0.015956778621338794,57,full_predeclared_inference,e90eda294b47248d
146,0.0003805136946369381,57,0.011421711280000689,57,full_predeclared_inference,e90eda294b47248d
147,0.01193510153971013,57,0.017961251620421403,57,full_predeclared_inference,e90eda294b47248d
148,0.0050370601903511215,57,-0.0043066884763244325,57,full_predeclared_inference,e90eda294b47248d
149,0.004132813452760747,57,0.0017336814201426064,57,full_predeclared_inference,e90eda294b47248d
150,-0.01949006705261804,57,0.004901152305318805,57,full_predeclared_inference,e90eda294b47248d
151,0.006490508409462981,57,0.00020884193601164593,57,full_predeclared_inference,e90eda294b47248d
152,0.0011831599739934413,57,-0.00011680428394689824,57,full_predeclared_inference,e90eda294b47248d
153,0.004940709933583516,57,-0.0012151900716429488,57,full_predeclared_inference,e90eda294b47248d
154,-0.006106438627600615,57,0.010163664298897188,57,full_predeclared_inference,e90eda294b47248d
155,-0.01506982503934123,57,-0.011916237022025546,57,full_predeclared_inference,e90eda294b47248d
156,0.004253209001445423,57,0.00245396930499156,57,full_predeclared_inference,e90eda294b47248d
157,-0.005028504696658677,57,-0.0016256938549495295,57,full_predeclared_inference,e90eda294b47248d
158,0.003694808724377761,57,0.019100470034935257,57,full_predeclared_inference,e90eda294b47248d
159,-0.0005770052970671719,57,-0.004945107962887068,57,full_predeclared_inference,e90eda294b47248d
160,0.005907398278991384,57,0.007272189438310242,57,full_predeclared_inference,e90eda294b47248d
161,0.011601139702003722,57,-0.014217131343372115,57,full_predeclared_inference,e90eda294b47248d
162,-0.022317523541394685,57,-0.006574774153931874,57,full_predeclared_inference,e90eda294b47248d
163,0.0032866878644390494,57,-0.027231816087217177,57,full_predeclared_inference,e90eda294b47248d
164,-0.008498843592814777,57,0.005238240102737591,57,full_predeclared_inference,e90eda294b47248d
165,-0.0027066350724955744,57,-0.004887706073359269,57,full_predeclared_inference,e90eda294b47248d
166,0.003152057887172462,57,-0.0012518734783362841,57,full_predeclared_inference,e90eda294b47248d
167,-0.0030760830643722474,57,0.011722782341991474,57,full_predeclared_inference,e90eda294b47248d
168,0.0024232396265403593,57,0.00779545397400165,57,full_predeclared_inference,e90eda294b47248d
169,-0.011319513207683908,57,0.009171819368862875,57,full_predeclared_inference,e90eda294b47248d
170,-0.012217328622978326,57,-0.010109536628148185,57,full_predeclared_inference,e90eda294b47248d
171,-0.009601101640775841,57,-0.006459270809735181,57,full_predeclared_inference,e90eda294b47248d
172,-0.0038040091593388365,57,-0.012827074719893283,57,full_predeclared_inference,e90eda294b47248d
173,0.0016753340305681683,57,-0.004518785690518581,57,full_predeclared_inference,e90eda294b47248d
174,-0.0001796080366491683,57,0.008205066461307853,57,full_predeclared_inference,e90eda294b47248d
175,0.01981299914973882,57,0.0037150005052019176,57,full_predeclared_inference,e90eda294b47248d
176,-0.002831813836756106,57,0.0003971952286922808,57,full_predeclared_inference,e90eda294b47248d
177,0.008418646722655531,57,0.010757840685869748,57,full_predeclared_inference,e90eda294b47248d
178,5.880577385272652e-06,57,0.0009702478438892057,57,full_predeclared_inference,e90eda294b47248d
179,-0.006157196887394101,57,0.006749768987591872,57,full_predeclared_inference,e90eda294b47248d
180,-0.00424291894313392,57,-0.0030502792694113087,57,full_predeclared_inference,e90eda294b47248d
181,-0.005361573538226689,57,0.00040717084905012415,57,full_predeclared_inference,e90eda294b47248d
182,0.0010030088202436953,57,-0.009269722024381219,57,full_predeclared_inference,e90eda294b47248d
183,0.008657376309131347,57,-0.00344568594296841,57,full_predeclared_inference,e90eda294b47248d
184,-0.013976461472605298,57,0.0022425717819746175,57,full_predeclared_inference,e90eda294b47248d
185,0.006885806246967509,57,-0.0034217352836259374,57,full_predeclared_inference,e90eda294b47248d
186,-0.012956382381430185,57,0.01369901148155888,57,full_predeclared_inference,e90eda294b47248d
187,-0.005255165565627573,57,-0.0029024082190785856,57,full_predeclared_inference,e90eda294b47248d
188,0.005296355499380788,57,0.02219182224765392,57,full_predeclared_inference,e90eda294b47248d
189,-0.0030455301522207393,57,-0.014456959588381385,57,full_predeclared_inference,e90eda294b47248d
190,-0.0012982921112950716,57,0.006431543789294402,57,full_predeclared_inference,e90eda294b47248d
191,0.0007390823841893656,57,-0.0011226035637487677,57,full_predeclared_inference,e90eda294b47248d
192,0.008843132372640573,57,-0.0004016886119359448,57,full_predeclared_inference,e90eda294b47248d
193,-0.0008386337712591831,57,-0.0072667150482366985,57,full_predeclared_inference,e90eda294b47248d
194,-0.0037073961171446897,57,-0.00440009708372383,57,full_predeclared_inference,e90eda294b47248d
195,0.011290771180753962,57,-0.0012595231921920145,57,full_predeclared_inference,e90eda294b47248d
196,0.004170969395323907,57,-0.0035918578814871454,57,full_predeclared_inference,e90eda294b47248d
197,0.016237178449593135,57,0.0034707402858961418,57,full_predeclared_inference,e90eda294b47248d
198,-0.006427133531618359,57,-0.00919454371178339,57,full_predeclared_inference,e90eda294b47248d
199,0.014685320369353204,57,-0.00857806641559377,57,full_predeclared_inference,e90eda294b47248d
200,-0.007295320150495593,57,-0.005659968573547706,57,full_predeclared_inference,e90eda294b47248d
201,-0.011901163107929597,57,0.00011389540738770478,57,full_predeclared_inference,e90eda294b47248d
202,-0.0024590984917016697,57,-0.0031244221516845035,57,full_predeclared_inference,e90eda294b47248d
203,-0.007804690460576892,57,-0.005315528903450272,57,full_predeclared_inference,e90eda294b47248d
204,0.002925450333325659,57,0.0044382048445447825,57,full_predeclared_inference,e90eda294b47248d
205,0.01617969391471257,57,-0.02160307048668638,57,full_predeclared_inference,e90eda294b47248d
206,0.0023855085718695883,57,0.0001461715073137977,57,full_predeclared_inference,e90eda294b47248d
207,-0.01789486837316415,57,0.004441137387120809,57,full_predeclared_inference,e90eda294b47248d
208,0.013358543730643846,57,0.008312401658581133,57,full_predeclared_inference,e90eda294b47248d
209,-0.007887237511535047,57,0.008018544277567433,57,full_predeclared_inference,e90eda294b47248d
210,-0.004546358826839333,57,-0.01716278401608664,57,full_predeclared_inference,e90eda294b47248d
211,0.007287181331009403,57,-0.003252501930598942,57,full_predeclared_inference,e90eda294b47248d
212,-0.005771092143602578,57,0.003738253559151079,57,full_predeclared_inference,e90eda294b47248d
213,-0.010038878779301713,57,-0.00036262596699046913,57,full_predeclared_inference,e90eda294b47248d
214,-0.010036541122380623,57,0.0043856089783018345,57,full_predeclared_inference,e90eda294b47248d
215,0.006307523682787838,57,0.013194390786731503,57,full_predeclared_inference,e90eda294b47248d
216,-0.014451517595863607,57,-0.0020718679885871768,57,full_predeclared_inference,e90eda294b47248d
217,0.005624465635706645,57,0.006457432174048068,57,full_predeclared_inference,e90eda294b47248d
218,-0.006621688063907645,57,-0.00819746340639215,57,full_predeclared_inference,e90eda294b47248d
219,-0.0030958144415995544,57,-0.002162989510930362,57,full_predeclared_inference,e90eda294b47248d
220,-0.008017513339314308,57,0.012354955484464218,57,full_predeclared_inference,e90eda294b47248d
221,-0.0007327040746560919,57,0.007414024029129182,57,full_predeclared_inference,e90eda294b47248d
222,-0.003915826737602268,57,0.010462988459064456,57,full_predeclared_inference,e90eda294b47248d
223,0.008228891208787188,57,0.0015707408872119464,57,full_predeclared_inference,e90eda294b47248d
224,-0.00950562759533842,57,-0.005238912353577447,57,full_predeclared_inference,e90eda294b47248d
225,-0.0004844468242528945,57,-0.014326186621367688,57,full_predeclared_inference,e90eda294b47248d
226,-0.0025119452517474157,57,-0.008251075786722078,57,full_predeclared_inference,e90eda294b47248d
227,-0.00738751836672987,57,0.0006928083405550806,57,full_predeclared_inference,e90eda294b47248d
228,0.001146495062305248,57,0.017627119016414325,57,full_predeclared_inference,e90eda294b47248d
229,-0.013818754786374522,57,-0.00617115811964233,57,full_predeclared_inference,e90eda294b47248d
230,-0.013306230544569713,57,0.005608695318279593,57,full_predeclared_inference,e90eda294b47248d
231,-0.004871894691081899,57,0.00392832976412459,57,full_predeclared_inference,e90eda294b47248d
232,-0.021002673118737308,57,-0.005345862075693565,57,full_predeclared_inference,e90eda294b47248d
233,-0.012125758772353732,57,0.01030311707182534,57,full_predeclared_inference,e90eda294b47248d
234,0.0059118571722984285,57,-0.015738445860987663,57,full_predeclared_inference,e90eda294b47248d
235,0.0052392345307962825,57,0.011120222796490914,57,full_predeclared_inference,e90eda294b47248d
236,-0.0007564027686449727,57,-0.015207285962886343,57,full_predeclared_inference,e90eda294b47248d
237,-0.005681159444636274,57,-0.009831795491833299,57,full_predeclared_inference,e90eda294b47248d
238,-0.015327323939374738,57,-0.017976355724916907,57,full_predeclared_inference,e90eda294b47248d
239,0.003425302642311721,57,-0.00392171171079528,57,full_predeclared_inference,e90eda294b47248d
240,0.0010068194597609194,57,0.007998222926305395,57,full_predeclared_inference,e90eda294b47248d
241,0.016352520117066095,57,0.013356074756551536,57,full_predeclared_inference,e90eda294b47248d
242,0.004290715439099082,57,0.0018576662706385574,57,full_predeclared_inference,e90eda294b47248d
243,-0.004456629499160985,57,-0.0007988499430707556,57,full_predeclared_inference,e90eda294b47248d
244,0.00682683099851469,57,-0.013005017447425675,57,full_predeclared_inference,e90eda294b47248d
245,0.00030658487214226346,57,0.0032356481997404523,57,full_predeclared_inference,e90eda294b47248d
246,-0.009099429049674411,57,-0.0002724793854464213,57,full_predeclared_inference,e90eda294b47248d
247,-0.004296084454868264,57,0.005175252519064732,57,full_predeclared_inference,e90eda294b47248d
248,0.0031335092063681075,57,-0.002105452187471921,57,full_predeclared_inference,e90eda294b47248d
249,-0.003439553010077199,57,-0.009848727411584027,57,full_predeclared_inference,e90eda294b47248d
250,-0.005416018231632207,57,-0.005934740682310353,57,full_predeclared_inference,e90eda294b47248d
251,-0.01176203690680796,57,-0.015135031315976658,57,full_predeclared_inference,e90eda294b47248d
252,-0.0035268593399821082,57,-0.005897872361365209,57,full_predeclared_inference,e90eda294b47248d
253,-0.0018934113683857434,57,-0.009636565444644168,57,full_predeclared_inference,e90eda294b47248d
254,0.01709224528090971,57,-0.00043483700174762964,57,full_predeclared_inference,e90eda294b47248d
255,-0.0021048817640844666,57,-0.0037337503715600302,57,full_predeclared_inference,e90eda294b47248d
256,0.011827996528987843,57,0.005444372383016224,57,full_predeclared_inference,e90eda294b47248d
257,0.009929900213410208,57,-0.0033527608489672734,57,full_predeclared_inference,e90eda294b47248d
258,-0.015642579195973453,57,0.00798146878743999,57,full_predeclared_inference,e90eda294b47248d
259,-0.0036265094836961972,57,0.008719733084368719,57,full_predeclared_inference,e90eda294b47248d
260,0.01130343651623493,57,0.0003212495494342253,57,full_predeclared_inference,e90eda294b47248d
261,-0.0020512045366129265,57,-0.001969071128978777,57,full_predeclared_inference,e90eda294b47248d
262,-0.02393700289311939,57,-1.2384232357370947e-05,57,full_predeclared_inference,e90eda294b47248d
263,0.0022184538864992555,57,-0.0002763702684543873,57,full_predeclared_inference,e90eda294b47248d
264,0.009802563611000462,57,-0.011403946283189166,57,full_predeclared_inference,e90eda294b47248d
265,0.0021302320469255088,57,0.011969389001667358,57,full_predeclared_inference,e90eda294b47248d
266,0.014395863456201582,57,-0.0038713589422350314,57,full_predeclared_inference,e90eda294b47248d
267,0.008104213955045838,57,-0.008044304859990208,57,full_predeclared_inference,e90eda294b47248d
268,-0.004510758397013988,57,-0.014842149806971976,57,full_predeclared_inference,e90eda294b47248d
269,-0.013885680148340174,57,0.0042988062563665335,57,full_predeclared_inference,e90eda294b47248d
270,-0.012629443971868283,57,-0.004965114484450689,57,full_predeclared_inference,e90eda294b47248d
271,-0.004779243356631146,57,-0.004020694662640909,57,full_predeclared_inference,e90eda294b47248d
272,-0.0007223839172251174,57,0.011446789832156775,57,full_predeclared_inference,e90eda294b47248d
273,-0.011596377198774276,57,-0.007797808034300803,57,full_predeclared_inference,e90eda294b47248d
274,0.007504274154468913,57,0.0014792750607170427,57,full_predeclared_inference,e90eda294b47248d
275,-0.014869939796954586,57,-0.0030155663154429,57,full_predeclared_inference,e90eda294b47248d
276,-0.002989520098522545,57,-0.011775859762816381,57,full_predeclared_inference,e90eda294b47248d
277,-0.0012354198732564188,57,-0.022708909204129966,57,full_predeclared_inference,e90eda294b47248d
278,0.005606831389206542,57,-0.002755460489016912,57,full_predeclared_inference,e90eda294b47248d
279,-0.011119944447400278,57,-0.004162850211379305,57,full_predeclared_inference,e90eda294b47248d
280,0.003971545055131641,57,-0.0005671666393369085,57,full_predeclared_inference,e90eda294b47248d
281,-0.0117334887554708,57,0.007801823128021079,57,full_predeclared_inference,e90eda294b47248d
282,-0.011422670279511507,57,0.0073485601575550424,57,full_predeclared_inference,e90eda294b47248d
283,0.0010903147368863523,57,0.002186677077342404,57,full_predeclared_inference,e90eda294b47248d
284,-0.015546788396432006,57,-0.01268521068305084,57,full_predeclared_inference,e90eda294b47248d
285,0.01203026203529211,57,0.0011615656122767224,57,full_predeclared_inference,e90eda294b47248d
286,-0.0008954134839590272,57,0.0005633409625434298,57,full_predeclared_inference,e90eda294b47248d
287,0.0008119410674888116,57,0.004880412675627369,57,full_predeclared_inference,e90eda294b47248d
288,0.003747087399915784,57,-0.003854398053679959,57,full_predeclared_inference,e90eda294b47248d
289,0.010343125493423285,57,0.0012059657873915363,57,full_predeclared_inference,e90eda294b47248d
290,-0.0027510319377934225,57,-0.009356537701918237,57,full_predeclared_inference,e90eda294b47248d
291,0.007551613760237818,57,-0.0015921155271973527,57,full_predeclared_inference,e90eda294b47248d
292,-0.004161834650959094,57,-0.011084742109891431,57,full_predeclared_inference,e90eda294b47248d
293,0.0009266306239471409,57,-0.0052308692101866025,57,full_predeclared_inference,e90eda294b47248d
294,-0.0022592856239157613,57,0.015612656650490903,57,full_predeclared_inference,e90eda294b47248d
295,0.006661246956853696,57,0.004165449864124415,57,full_predeclared_inference,e90eda294b47248d
296,-0.006487592654212213,57,-0.029130872932300357,57,full_predeclared_inference,e90eda294b47248d
297,-0.009828868633030133,57,-0.0018018318993319679,57,full_predeclared_inference,e90eda294b47248d
298,0.0003356982178247585,57,-0.007978677217684003,57,full_predeclared_inference,e90eda294b47248d
299,-0.00905367957244964,57,-0.018810752528342998,57,full_predeclared_inference,e90eda294b47248d
300,0.00745825031580135,57,0.0011656593184928355,57,full_predeclared_inference,e90eda294b47248d
301,0.008245475470329833,57,-0.0034618703500985085,57,full_predeclared_inference,e90eda294b47248d
302,0.0021237489363109445,57,-0.00487372943224165,57,full_predeclared_inference,e90eda294b47248d
303,0.0037642410712120235,57,-0.011218158953222269,57,full_predeclared_inference,e90eda294b47248d
304,0.008471931786234765,57,-0.011008305717215715,57,full_predeclared_inference,e90eda294b47248d
305,-0.010889585289223654,57,-0.004527878471494096,57,full_predeclared_inference,e90eda294b47248d
306,7.501191146527029e-05,57,-0.009418401208892717,57,full_predeclared_inference,e90eda294b47248d
307,0.003749670443847654,57,-0.0007904095829595429,57,full_predeclared_inference,e90eda294b47248d
308,-0.007824783696885588,57,0.015065938156310027,57,full_predeclared_inference,e90eda294b47248d
309,0.0016581857232181902,57,0.0012318350672704634,57,full_predeclared_inference,e90eda294b47248d
310,-0.008175033333241039,57,-0.005699959830137396,57,full_predeclared_inference,e90eda294b47248d
311,0.00946998058015427,57,-0.002731212051969069,57,full_predeclared_inference,e90eda294b47248d
312,-0.01072914605879493,57,0.00204478570558332,57,full_predeclared_inference,e90eda294b47248d
313,0.010100139903496166,57,0.008919072788707145,57,full_predeclared_inference,e90eda294b47248d
314,-0.0007219983913841853,57,-0.008691462434491625,57,full_predeclared_inference,e90eda294b47248d
315,0.01600299259717836,57,-0.0028612609999133405,57,full_predeclared_inference,e90eda294b47248d
316,0.0009085846784272893,57,-0.00986725129159441,57,full_predeclared_inference,e90eda294b47248d
317,-0.008821914221922317,57,0.00875114526818308,57,full_predeclared_inference,e90eda294b47248d
318,-0.013044118274657042,57,0.01032805006854925,57,full_predeclared_inference,e90eda294b47248d
319,0.0015020412411035269,57,0.015680717560830344,57,full_predeclared_inference,e90eda294b47248d
320,0.008976916243548159,57,-0.0072023931963793465,57,full_predeclared_inference,e90eda294b47248d
321,0.002626886533165225,57,-0.0013954796659498116,57,full_predeclared_inference,e90eda294b47248d
322,0.006314825898809739,57,-0.0005815368250185495,57,full_predeclared_inference,e90eda294b47248d
323,0.007689338183062489,57,0.00215543951168086,57,full_predeclared_inference,e90eda294b47248d
324,-0.0065154165662251245,57,-0.003584022772885027,57,full_predeclared_inference,e90eda294b47248d
325,0.005782310544469174,57,-0.0020922943044063926,57,full_predeclared_inference,e90eda294b47248d
326,-0.010810359863777751,57,0.023725933198740366,57,full_predeclared_inference,e90eda294b47248d
327,0.0067005850899379635,57,-0.008557909093724406,57,full_predeclared_inference,e90eda294b47248d
328,0.0012117009934937608,57,0.01706632597329943,57,full_predeclared_inference,e90eda294b47248d
329,0.014261506122936883,57,-0.012080929082850354,57,full_predeclared_inference,e90eda294b47248d
330,0.024809465926204494,57,0.011129970027100942,57,full_predeclared_inference,e90eda294b47248d
331,0.012075114241589852,57,-0.005176359359451367,57,full_predeclared_inference,e90eda294b47248d
332,-0.004793263009268972,57,-0.001558190113373276,57,full_predeclared_inference,e90eda294b47248d
333,-0.013935929369023204,57,0.01000419232347171,57,full_predeclared_inference,e90eda294b47248d
334,0.009653846628451401,57,0.018798354766179155,57,full_predeclared_inference,e90eda294b47248d
335,-0.00815142854527178,57,0.0029501608201350253,57,full_predeclared_inference,e90eda294b47248d
336,-0.003826678016876198,57,0.006325269786805651,57,full_predeclared_inference,e90eda294b47248d
337,-0.0070461609004977225,57,-0.001345563806661919,57,full_predeclared_inference,e90eda294b47248d
338,-0.0005358895554465478,57,0.008705522656614685,57,full_predeclared_inference,e90eda294b47248d
339,0.008425300284857877,57,-0.00818376557257708,57,full_predeclared_inference,e90eda294b47248d
340,0.0099611429508272,57,0.0013825428416508823,57,full_predeclared_inference,e90eda294b47248d
341,-0.009885241913049831,57,-0.019940544378714783,57,full_predeclared_inference,e90eda294b47248d
342,-0.002020873614551693,57,0.00802918609911217,57,full_predeclared_inference,e90eda294b47248d
343,0.012603796110424656,57,-0.011259993619610241,57,full_predeclared_inference,e90eda294b47248d
344,-0.004628577212418816,57,-0.011548882415427172,57,full_predeclared_inference,e90eda294b47248d
345,-0.00643706586788492,57,-0.004727431359450848,57,full_predeclared_inference,e90eda294b47248d
346,-0.024327462508889147,57,-0.016940280984978368,57,full_predeclared_inference,e90eda294b47248d
347,0.0007645529946996606,57,-0.00613002684516377,57,full_predeclared_inference,e90eda294b47248d
348,-0.005128758028026649,57,0.0067653444841855315,57,full_predeclared_inference,e90eda294b47248d
349,-0.010429064814181942,57,-0.01697346742753212,57,full_predeclared_inference,e90eda294b47248d
350,0.0110967201881928,57,-0.0019311450198578105,57,full_predeclared_inference,e90eda294b47248d
351,0.005580267915188335,57,0.005314804930238328,57,full_predeclared_inference,e90eda294b47248d
352,-0.001927476080205066,57,-0.0016829424300463939,57,full_predeclared_inference,e90eda294b47248d
353,-0.004820856421389262,57,-0.014499452652472733,57,full_predeclared_inference,e90eda294b47248d
354,-0.0008507392599839704,57,-0.012989276162758183,57,full_predeclared_inference,e90eda294b47248d
355,-0.02185487936104627,57,-0.0007248989570779711,57,full_predeclared_inference,e90eda294b47248d
356,-0.012507638061225523,57,0.004663863582387159,57,full_predeclared_inference,e90eda294b47248d
357,0.0003036905067554273,57,-0.0027130669247367937,57,full_predeclared_inference,e90eda294b47248d
358,-0.00888760717967975,57,-0.018601083361110677,57,full_predeclared_inference,e90eda294b47248d
359,-0.0039420759028234295,57,0.01010011960622454,57,full_predeclared_inference,e90eda294b47248d
360,0.00297903143479813,57,-0.008641274955885713,57,full_predeclared_inference,e90eda294b47248d
361,-0.011062288440277745,57,-0.00041408420737558914,57,full_predeclared_inference,e90eda294b47248d
362,0.0060343424397934975,57,-0.0063397943928059,57,full_predeclared_inference,e90eda294b47248d
363,-0.004198327124443093,57,0.013695724341102044,57,full_predeclared_inference,e90eda294b47248d
364,-0.001245128911464995,57,-0.0047212807364799695,57,full_predeclared_inference,e90eda294b47248d
365,-0.002851367078793505,57,0.004777601979952539,57,full_predeclared_inference,e90eda294b47248d
366,-0.002123723309882878,57,-0.019778340690681625,57,full_predeclared_inference,e90eda294b47248d
367,-0.0193150923448252,57,-0.00518447476299809,57,full_predeclared_inference,e90eda294b47248d
368,-0.01534638183472915,57,0.012240115922223103,57,full_predeclared_inference,e90eda294b47248d
369,-0.00013918488405212614,57,0.008796225955381305,57,full_predeclared_inference,e90eda294b47248d
370,-0.0006292745226419048,57,-0.005611783468490764,57,full_predeclared_inference,e90eda294b47248d
371,0.016978923390414985,57,0.005455756664940861,57,full_predeclared_inference,e90eda294b47248d
372,0.008104980077540475,57,-0.010530293178742052,57,full_predeclared_inference,e90eda294b47248d
373,-0.0035229387913173838,57,-0.005475286997473467,57,full_predeclared_inference,e90eda294b47248d
374,-0.006852083974895333,57,0.013463689017872836,57,full_predeclared_inference,e90eda294b47248d
375,0.014135005704309984,57,-0.019123267664084308,57,full_predeclared_inference,e90eda294b47248d
376,0.010134864282857942,57,-0.004983098757605124,57,full_predeclared_inference,e90eda294b47248d
377,0.0026078034784847402,57,-0.00954887699903037,57,full_predeclared_inference,e90eda294b47248d
378,0.0032617346447755863,57,-0.004176888221877119,57,full_predeclared_inference,e90eda294b47248d
379,-0.007510977952870119,57,0.0186921721236568,57,full_predeclared_inference,e90eda294b47248d
380,-0.008178923269566906,57,0.0041168575879124095,57,full_predeclared_inference,e90eda294b47248d
381,0.0034515748015460845,57,0.00335932943929018,57,full_predeclared_inference,e90eda294b47248d
382,-0.0158634802823797,57,0.019280580539202043,57,full_predeclared_inference,e90eda294b47248d
383,0.013038072945385995,57,-0.002274690265854863,57,full_predeclared_inference,e90eda294b47248d
384,0.0036883830530245743,57,0.0017155374373441735,57,full_predeclared_inference,e90eda294b47248d
385,-0.015918288582219844,57,0.0054941374138271,57,full_predeclared_inference,e90eda294b47248d
386,0.005116378041338735,57,0.018117685305108683,57,full_predeclared_inference,e90eda294b47248d
387,0.014062583460014606,57,-0.006912398049366608,57,full_predeclared_inference,e90eda294b47248d
388,0.005392791689634611,57,0.001697538022638413,57,full_predeclared_inference,e90eda294b47248d
389,-0.008508213031963977,57,-0.001868354084073989,57,full_predeclared_inference,e90eda294b47248d
390,0.01496482157015515,57,0.014798211447985698,57,full_predeclared_inference,e90eda294b47248d
391,-0.002273756793267318,57,-0.0045227158551178455,57,full_predeclared_inference,e90eda294b47248d
392,0.002211714301975083,57,-0.011423119269484472,57,full_predeclared_inference,e90eda294b47248d
393,0.007011927623676677,57,0.001211452992246543,57,full_predeclared_inference,e90eda294b47248d
394,-0.003964605793717108,57,-0.015810944403414146,57,full_predeclared_inference,e90eda294b47248d
395,0.005900613618571709,57,0.004272072834247985,57,full_predeclared_inference,e90eda294b47248d
396,0.016813864909003894,57,-0.026126972184970915,57,full_predeclared_inference,e90eda294b47248d
397,0.01636605688574268,57,0.0070697766368784725,57,full_predeclared_inference,e90eda294b47248d
398,0.0025644129116809047,57,-0.004967232628047734,57,full_predeclared_inference,e90eda294b47248d
399,0.004156264604955751,57,0.006315437140603037,57,full_predeclared_inference,e90eda294b47248d
400,-0.00891560911961288,57,0.0015648389238388223,57,full_predeclared_inference,e90eda294b47248d
401,0.0024504067227919166,57,-0.012420565270507035,57,full_predeclared_inference,e90eda294b47248d
402,-0.009786096867842627,57,0.008900523215030763,57,full_predeclared_inference,e90eda294b47248d
403,-0.007613552495088334,57,0.00655170291980629,57,full_predeclared_inference,e90eda294b47248d
404,-0.030917566510797825,57,-0.018257821479289026,57,full_predeclared_inference,e90eda294b47248d
405,-0.009982256191378588,57,0.020029491326194433,57,full_predeclared_inference,e90eda294b47248d
406,-0.017713479470116443,57,0.008224291712734791,57,full_predeclared_inference,e90eda294b47248d
407,-0.0008740649403429876,57,0.0074041158897581736,57,full_predeclared_inference,e90eda294b47248d
408,-0.01187348328994267,57,-0.011439134655609954,57,full_predeclared_inference,e90eda294b47248d
409,-0.000654160573185523,57,0.02409948153292924,57,full_predeclared_inference,e90eda294b47248d
410,-0.010753414852423147,57,-0.011844694696280984,57,full_predeclared_inference,e90eda294b47248d
411,0.01647181019722504,57,-0.009200300155237545,57,full_predeclared_inference,e90eda294b47248d
412,-0.004326388048328767,57,0.026298678219899983,57,full_predeclared_inference,e90eda294b47248d
413,0.002585128384452117,57,-0.011949727596323288,57,full_predeclared_inference,e90eda294b47248d
414,0.004881562670432187,57,-0.010909977820720035,57,full_predeclared_inference,e90eda294b47248d
415,0.004501799649101651,57,0.01734425742826835,57,full_predeclared_inference,e90eda294b47248d
416,0.004947261039375429,57,0.012306634986569476,57,full_predeclared_inference,e90eda294b47248d
417,0.0007679400460022206,57,-0.007199998553296645,57,full_predeclared_inference,e90eda294b47248d
418,0.012145559445010633,57,-0.003349334052851026,57,full_predeclared_inference,e90eda294b47248d
419,0.0006755773056545283,57,-0.006470849999502395,57,full_predeclared_inference,e90eda294b47248d
420,-0.011654433946647091,57,0.00916790642409678,57,full_predeclared_inference,e90eda294b47248d
421,0.007102923774459391,57,0.021791676936589937,57,full_predeclared_inference,e90eda294b47248d
422,0.010441136936629429,57,-0.01967088215185105,57,full_predeclared_inference,e90eda294b47248d
423,-0.006534089740850179,57,0.011490678190543287,57,full_predeclared_inference,e90eda294b47248d
424,0.0038239375768602288,57,0.00302387319119463,57,full_predeclared_inference,e90eda294b47248d
425,0.007384550828620726,57,0.020071842194780472,57,full_predeclared_inference,e90eda294b47248d
426,0.0076564304656383374,57,-0.006266565944117005,57,full_predeclared_inference,e90eda294b47248d
427,0.0030896394957920545,57,0.009449325499824865,57,full_predeclared_inference,e90eda294b47248d
428,-0.00025641067773479547,57,0.009060658601652654,57,full_predeclared_inference,e90eda294b47248d
429,-0.01605301781173678,57,0.0011550583362394818,57,full_predeclared_inference,e90eda294b47248d
430,0.002769304519594246,57,0.0025216471769190034,57,full_predeclared_inference,e90eda294b47248d
431,-0.00033882611571889516,57,-0.0001930998012869595,57,full_predeclared_inference,e90eda294b47248d
432,-0.0023523019207275352,57,-0.012017353782304108,57,full_predeclared_inference,e90eda294b47248d
433,0.0048527267724842085,57,-0.008865085966745897,57,full_predeclared_inference,e90eda294b47248d
434,-0.007978079124992767,57,-0.008729820166791946,57,full_predeclared_inference,e90eda294b47248d
435,-0.008910751841049079,57,-0.005870282481699675,57,full_predeclared_inference,e90eda294b47248d
436,-0.015091836514164647,57,0.004002293987038202,57,full_predeclared_inference,e90eda294b47248d
437,-0.0023054390443791742,57,-0.005800221175676525,57,full_predeclared_inference,e90eda294b47248d
438,-0.012257237593286778,57,-0.00030382170600884,57,full_predeclared_inference,e90eda294b47248d
439,-0.006215665860239901,57,0.004643990295532639,57,full_predeclared_inference,e90eda294b47248d
440,-0.0025284053284408453,57,-0.007174565404412256,57,full_predeclared_inference,e90eda294b47248d
441,-0.008870438441393343,57,0.006432059197046856,57,full_predeclared_inference,e90eda294b47248d
442,-0.0009539651172464188,57,-0.003311117135815335,57,full_predeclared_inference,e90eda294b47248d
443,-0.0015919683823188988,57,-0.0009133384644589785,57,full_predeclared_inference,e90eda294b47248d
444,-0.0018929191565836556,57,-0.013234056855654612,57,full_predeclared_inference,e90eda294b47248d
445,-0.0029709885948542803,57,0.019150240005632344,57,full_predeclared_inference,e90eda294b47248d
446,-0.013379763456036385,57,0.016590867860761093,57,full_predeclared_inference,e90eda294b47248d
447,1.307310089424169e-05,57,-0.003952896969836148,57,full_predeclared_inference,e90eda294b47248d
448,-0.022523073594533774,57,0.005571275838197792,57,full_predeclared_inference,e90eda294b47248d
449,-0.007420934039060714,57,-0.006311694475438694,57,full_predeclared_inference,e90eda294b47248d
450,-0.012027891704497144,57,-0.007839419622695009,57,full_predeclared_inference,e90eda294b47248d
451,0.0023901099679073763,57,-0.004989456668550777,57,full_predeclared_inference,e90eda294b47248d
452,-0.005160474801058728,57,0.005430290980958575,57,full_predeclared_inference,e90eda294b47248d
453,-0.018479351183589898,57,0.0001923102543666906,57,full_predeclared_inference,e90eda294b47248d
454,0.0181838933304899,57,0.002208830606919029,57,full_predeclared_inference,e90eda294b47248d
455,-0.021633274912479565,57,0.013108633434088465,57,full_predeclared_inference,e90eda294b47248d
456,0.002474964107716961,57,-0.0010535956478834928,57,full_predeclared_inference,e90eda294b47248d
457,-0.0032153875364733233,57,0.004034571439218012,57,full_predeclared_inference,e90eda294b47248d
458,0.005412616022696046,57,-0.009006408761182274,57,full_predeclared_inference,e90eda294b47248d
459,-0.016153632965223187,57,-0.0038835721733784284,57,full_predeclared_inference,e90eda294b47248d
460,0.008653286263137602,57,0.006504720438794195,57,full_predeclared_inference,e90eda294b47248d
461,0.014883928541734308,57,0.02156284739380521,57,full_predeclared_inference,e90eda294b47248d
462,-0.006679863654821917,57,-0.006497197583609419,57,full_predeclared_inference,e90eda294b47248d
463,-0.0036774153065465983,57,0.0065922909246936634,57,full_predeclared_inference,e90eda294b47248d
464,0.00396942550152452,57,-0.009978653299358983,57,full_predeclared_inference,e90eda294b47248d
465,-0.007791828658698651,57,-0.004668726853719368,57,full_predeclared_inference,e90eda294b47248d
466,0.01130431961957149,57,-0.0020713860443780804,57,full_predeclared_inference,e90eda294b47248d
467,0.014470815078886092,57,0.016890170866346515,57,full_predeclared_inference,e90eda294b47248d
468,-0.010889953056243178,57,0.003212730707672615,57,full_predeclared_inference,e90eda294b47248d
469,-0.005014208014449477,57,0.01120999626903834,57,full_predeclared_inference,e90eda294b47248d
470,-0.0029716883978842777,57,-0.012145558623226513,57,full_predeclared_inference,e90eda294b47248d
471,0.004714124686190883,57,-0.005624447797577425,57,full_predeclared_inference,e90eda294b47248d
472,-0.005361712845581796,57,0.005703976753462984,57,full_predeclared_inference,e90eda294b47248d
473,-0.007637491310789051,57,0.022798807493696723,57,full_predeclared_inference,e90eda294b47248d
474,0.007216471733102603,57,-0.006519215886570541,57,full_predeclared_inference,e90eda294b47248d
475,-0.006856067808074559,57,-0.003939346677551538,57,full_predeclared_inference,e90eda294b47248d
476,-0.008985917138443805,57,-0.0035710805067817363,57,full_predeclared_inference,e90eda294b47248d
477,-0.003709197974341645,57,-0.009602594214680666,57,full_predeclared_inference,e90eda294b47248d
478,-0.0024398462836764507,57,-0.009965888242329243,57,full_predeclared_inference,e90eda294b47248d
479,0.00460635939601486,57,-0.0037115580043300764,57,full_predeclared_inference,e90eda294b47248d
480,-0.012791496197936781,57,0.012919959352471286,57,full_predeclared_inference,e90eda294b47248d
481,-0.018860998538239884,57,0.003293126477018627,57,full_predeclared_inference,e90eda294b47248d
482,-0.006416564869685667,57,-0.0012649606356324805,57,full_predeclared_inference,e90eda294b47248d
483,-0.013471304924043609,57,0.001853456786632826,57,full_predeclared_inference,e90eda294b47248d
484,0.003012987110169054,57,-0.011786434672654361,57,full_predeclared_inference,e90eda294b47248d
485,-0.01577777824260322,57,0.0019429811588866676,57,full_predeclared_inference,e90eda294b47248d
486,-0.006320183566243921,57,0.012452486070746987,57,full_predeclared_inference,e90eda294b47248d
487,0.00555954378213668,57,0.0019541004429674976,57,full_predeclared_inference,e90eda294b47248d
488,0.004299964362531466,57,0.0075611324147317836,57,full_predeclared_inference,e90eda294b47248d
489,0.0058801203914455496,57,0.011090393840448165,57,full_predeclared_inference,e90eda294b47248d
490,0.020394321326725667,57,0.015881299560934998,57,full_predeclared_inference,e90eda294b47248d
491,-0.010895151748659558,57,0.0195549145830302,57,full_predeclared_inference,e90eda294b47248d
492,-0.00464260350275862,57,0.007245282853028589,57,full_predeclared_inference,e90eda294b47248d
493,0.004793881314814143,57,-0.000888193495935441,57,full_predeclared_inference,e90eda294b47248d
494,-0.005262417965913684,57,-0.002479489516740313,57,full_predeclared_inference,e90eda294b47248d
495,-0.004744447827157491,57,-0.001995106345064343,57,full_predeclared_inference,e90eda294b47248d
496,0.010521313411755346,57,-0.015739535551143224,57,full_predeclared_inference,e90eda294b47248d
497,-0.0030599240890259076,57,-0.0001328922130297283,57,full_predeclared_inference,e90eda294b47248d
498,-0.021174244195117608,57,0.004953054645316342,57,full_predeclared_inference,e90eda294b47248d
499,-0.003833277423174785,57,-0.005204926737385932,57,full_predeclared_inference,e90eda294b47248d
500,-0.01377508442657896,57,-0.005671261084683245,57,full_predeclared_inference,e90eda294b47248d
501,0.013399361198476022,57,0.002518382697943863,57,full_predeclared_inference,e90eda294b47248d
502,-0.0015517473858129094,57,0.004273464664457746,57,full_predeclared_inference,e90eda294b47248d
503,-0.013812367966037544,57,-0.004805686606014505,57,full_predeclared_inference,e90eda294b47248d
504,0.0031170601611981074,57,-0.0011049642278962552,57,full_predeclared_inference,e90eda294b47248d
505,0.003944239879076542,57,0.0053963003119645225,57,full_predeclared_inference,e90eda294b47248d
506,-0.0067183375236744315,57,-0.0008920254542776311,57,full_predeclared_inference,e90eda294b47248d
507,0.014238293325030857,57,0.003591403684607095,57,full_predeclared_inference,e90eda294b47248d
508,0.01361176412184121,57,-0.0053000577076861045,57,full_predeclared_inference,e90eda294b47248d
509,0.01295440504362155,57,0.0025801966952425457,57,full_predeclared_inference,e90eda294b47248d
510,-0.01983894654138091,57,0.019681633273937314,57,full_predeclared_inference,e90eda294b47248d
511,0.01585234980328021,57,-3.2046647180187605e-05,57,full_predeclared_inference,e90eda294b47248d
512,0.011618225142964204,57,-0.016046180668517394,57,full_predeclared_inference,e90eda294b47248d
513,0.012155043172513608,57,-0.005874118041775752,57,full_predeclared_inference,e90eda294b47248d
514,-0.00046624392859979816,57,0.007103074767603545,57,full_predeclared_inference,e90eda294b47248d
515,0.010223642751666628,57,0.00487348521612773,57,full_predeclared_inference,e90eda294b47248d
516,-0.00593823390219325,57,-0.0043284622425207855,57,full_predeclared_inference,e90eda294b47248d
517,-0.0031415994040767618,57,-0.008942694348151547,57,full_predeclared_inference,e90eda294b47248d
518,-0.00011802431822517205,57,-0.015666979904437002,57,full_predeclared_inference,e90eda294b47248d
519,0.0014105907583312775,57,-0.013185668282026433,57,full_predeclared_inference,e90eda294b47248d
520,0.008462075915721247,57,0.012914780217405185,57,full_predeclared_inference,e90eda294b47248d
521,0.013969262674353193,57,0.01332640532814264,57,full_predeclared_inference,e90eda294b47248d
522,0.001773884304278794,57,0.0027427306867442145,57,full_predeclared_inference,e90eda294b47248d
523,-0.002631570433749447,57,-0.009286553068127602,57,full_predeclared_inference,e90eda294b47248d
524,0.00928723839447735,57,0.0030068016884329213,57,full_predeclared_inference,e90eda294b47248d
525,-0.003048352741273031,57,-0.0023851403579109643,57,full_predeclared_inference,e90eda294b47248d
526,0.003619066055748051,57,0.002164626759395791,57,full_predeclared_inference,e90eda294b47248d
527,0.024863206444281253,57,0.0046525451141400465,57,full_predeclared_inference,e90eda294b47248d
528,-0.005187548424889009,57,0.02014155697952562,57,full_predeclared_inference,e90eda294b47248d
529,0.006850642141885813,57,-0.00922355925351742,57,full_predeclared_inference,e90eda294b47248d
530,-0.015459155573532342,57,0.01593097379639972,57,full_predeclared_inference,e90eda294b47248d
531,-0.010180575515191947,57,0.0009245827199066,57,full_predeclared_inference,e90eda294b47248d
532,-0.025534092925549524,57,-0.005698925932815328,57,full_predeclared_inference,e90eda294b47248d
533,-0.02097611002438188,57,0.006582751438391755,57,full_predeclared_inference,e90eda294b47248d
534,0.0035207475727557884,57,-0.0013021002668425622,57,full_predeclared_inference,e90eda294b47248d
535,-0.002198367924782006,57,-0.001112105415550353,57,full_predeclared_inference,e90eda294b47248d
536,-0.0038190007086257964,57,-0.006621311090462885,57,full_predeclared_inference,e90eda294b47248d
537,0.006755419364970808,57,-0.003352503533121538,57,full_predeclared_inference,e90eda294b47248d
538,-0.014243993505246515,57,0.0024059949488052386,57,full_predeclared_inference,e90eda294b47248d
539,0.0032054143706124684,57,-0.004405268072420794,57,full_predeclared_inference,e90eda294b47248d
540,0.00593176473447961,57,-0.0023090622577372514,57,full_predeclared_inference,e90eda294b47248d
541,-0.003159597634821546,57,0.013392707169908261,57,full_predeclared_inference,e90eda294b47248d
542,-0.007753524580814949,57,1.2073328354284666e-06,57,full_predeclared_inference,e90eda294b47248d
543,0.004105404356759181,57,0.010662712910857406,57,full_predeclared_inference,e90eda294b47248d
544,0.012167070299328703,57,0.0009113602185575828,57,full_predeclared_inference,e90eda294b47248d
545,0.01422980455997164,57,-0.002271187114145479,57,full_predeclared_inference,e90eda294b47248d
546,0.0066117502129505,57,-0.002991188234132764,57,full_predeclared_inference,e90eda294b47248d
547,0.0010447698195393223,57,-0.013567578124632674,57,full_predeclared_inference,e90eda294b47248d
548,0.006688614412473604,57,0.02013786735980669,57,full_predeclared_inference,e90eda294b47248d
549,-0.016113491541485777,57,0.013006083393260018,57,full_predeclared_inference,e90eda294b47248d
550,0.002421479761206757,57,0.005245721016147727,57,full_predeclared_inference,e90eda294b47248d
551,0.007074922622073608,57,-0.01031144061384642,57,full_predeclared_inference,e90eda294b47248d
552,0.0070071540305803775,57,-0.005846670084311843,57,full_predeclared_inference,e90eda294b47248d
553,-0.004527149473331286,57,-0.009127830911243707,57,full_predeclared_inference,e90eda294b47248d
554,0.01513265882980001,57,-0.0025563789840545876,57,full_predeclared_inference,e90eda294b47248d
555,-0.0024678055439657657,57,0.0020558922171329767,57,full_predeclared_inference,e90eda294b47248d
556,0.020224988204259255,57,-0.011119264585262441,57,full_predeclared_inference,e90eda294b47248d
557,0.004029501491269933,57,-0.009823060692674575,57,full_predeclared_inference,e90eda294b47248d
558,0.013659338844988956,57,-0.015250368799050187,57,full_predeclared_inference,e90eda294b47248d
559,0.0032673118654329768,57,-0.013579013030973423,57,full_predeclared_inference,e90eda294b47248d
560,-0.014130377041252858,57,-0.009311270945922673,57,full_predeclared_inference,e90eda294b47248d
561,-0.0033591980640991113,57,-0.005359246164493456,57,full_predeclared_inference,e90eda294b47248d
562,-0.01036465048807968,57,0.00570747900426459,57,full_predeclared_inference,e90eda294b47248d
563,0.004849446657190486,57,0.009026565367003428,57,full_predeclared_inference,e90eda294b47248d
564,-0.006258243120709035,57,-0.007557471070047087,57,full_predeclared_inference,e90eda294b47248d
565,0.013233332590781705,57,-0.001071257103190876,57,full_predeclared_inference,e90eda294b47248d
566,0.003334311545754025,57,0.004188258241137272,57,full_predeclared_inference,e90eda294b47248d
567,-0.014177040412423595,57,0.0076659832689450974,57,full_predeclared_inference,e90eda294b47248d
568,0.010494171814873984,57,-0.013833097533754184,57,full_predeclared_inference,e90eda294b47248d
569,0.0071821320296105275,57,-0.013409509954030802,57,full_predeclared_inference,e90eda294b47248d
570,0.005032179783580152,57,0.007442563664542253,57,full_predeclared_inference,e90eda294b47248d
571,-0.0015264414964246025,57,0.01385474078250797,57,full_predeclared_inference,e90eda294b47248d
572,0.001848317202497561,57,-0.013437758966010138,57,full_predeclared_inference,e90eda294b47248d
573,0.004925173397695532,57,-0.011205334905493676,57,full_predeclared_inference,e90eda294b47248d
574,0.009870092391171398,57,-0.012900855162927459,57,full_predeclared_inference,e90eda294b47248d
575,-0.010594981281851464,57,-0.004008242890872954,57,full_predeclared_inference,e90eda294b47248d
576,-0.003835516476943049,57,-0.009951589413086902,57,full_predeclared_inference,e90eda294b47248d
577,0.007876802551696893,57,-0.008445006124474113,57,full_predeclared_inference,e90eda294b47248d
578,-0.011734949665186047,57,0.0005831218144543917,57,full_predeclared_inference,e90eda294b47248d
579,0.0020383874654238345,57,0.010713394159085707,57,full_predeclared_inference,e90eda294b47248d
580,-0.0016501289417586835,57,-0.009745856169744214,57,full_predeclared_inference,e90eda294b47248d
581,0.005709076791137864,57,-0.014624613398667642,57,full_predeclared_inference,e90eda294b47248d
582,-0.008222544880639813,57,0.0030232476147710775,57,full_predeclared_inference,e90eda294b47248d
583,-0.007820041019590612,57,-0.012952169886455332,57,full_predeclared_inference,e90eda294b47248d
584,-0.005905761896698447,57,-0.021864947275547126,57,full_predeclared_inference,e90eda294b47248d
585,-0.003614006974481657,57,0.002683930124738528,57,full_predeclared_inference,e90eda294b47248d
586,-0.006417235180827762,57,0.003980088791156675,57,full_predeclared_inference,e90eda294b47248d
587,0.0014137947164378193,57,-0.006307454166616699,57,full_predeclared_inference,e90eda294b47248d
588,-0.02057176905831937,57,-0.0018015991040535584,57,full_predeclared_inference,e90eda294b47248d
589,-0.019546174361008167,57,-0.0032722657650847667,57,full_predeclared_inference,e90eda294b47248d
590,-0.0025812647873352055,57,-0.002924586939649971,57,full_predeclared_inference,e90eda294b47248d
591,0.006468685677123787,57,-0.005380905270400048,57,full_predeclared_inference,e90eda294b47248d
592,-0.009739670712157237,57,-0.0025163447557896928,57,full_predeclared_inference,e90eda294b47248d
593,-0.00828071614952188,57,0.009076898982069976,57,full_predeclared_inference,e90eda294b47248d
594,0.0024556504592073308,57,0.011930837155578659,57,full_predeclared_inference,e90eda294b47248d
595,-0.0005089349558604915,57,0.0030815363900113632,57,full_predeclared_inference,e90eda294b47248d
596,-0.006609180435625051,57,-0.012761242459748964,57,full_predeclared_inference,e90eda294b47248d
597,-0.002378657411282046,57,-0.003411072795203262,57,full_predeclared_inference,e90eda294b47248d
598,-0.0024183348938235203,57,-0.024142751697011855,57,full_predeclared_inference,e90eda294b47248d
599,-0.0007942225351179284,57,-0.015929130873051974,57,full_predeclared_inference,e90eda294b47248d
600,-0.0007838012469336213,57,-0.0020526164119483927,57,full_predeclared_inference,e90eda294b47248d
601,0.015029588311311756,57,-0.0005893687417713207,57,full_predeclared_inference,e90eda294b47248d
602,0.010121979238229549,57,0.008285578072241286,57,full_predeclared_inference,e90eda294b47248d
603,0.0008395697555241336,57,-0.0070844466661286075,57,full_predeclared_inference,e90eda294b47248d
604,-0.0026098174700293743,57,0.013259794987971142,57,full_predeclared_inference,e90eda294b47248d
605,0.01754087860923711,57,0.0006199670130138109,57,full_predeclared_inference,e90eda294b47248d
606,-0.009034986624996041,57,0.0053596208580609745,57,full_predeclared_inference,e90eda294b47248d
607,0.014514690236838896,57,-0.012348844775492113,57,full_predeclared_inference,e90eda294b47248d
608,0.004435856176185631,57,0.007264747588273823,57,full_predeclared_inference,e90eda294b47248d
609,0.008689949499941025,57,0.000671312794390264,57,full_predeclared_inference,e90eda294b47248d
610,-0.0014355475611267012,57,-0.00831561642736075,57,full_predeclared_inference,e90eda294b47248d
611,0.006113586951909366,57,0.0084141225182016,57,full_predeclared_inference,e90eda294b47248d
612,0.0013997818500869215,57,-0.005421463072621465,57,full_predeclared_inference,e90eda294b47248d
613,-0.005100416097166988,57,0.0017402412530603164,57,full_predeclared_inference,e90eda294b47248d
614,-0.01539399928042127,57,-0.004403072163983317,57,full_predeclared_inference,e90eda294b47248d
615,-0.005155542414660697,57,0.0006657033203882933,57,full_predeclared_inference,e90eda294b47248d
616,-0.008500565731713528,57,-0.006135049106555726,57,full_predeclared_inference,e90eda294b47248d
617,-0.0038441740120824562,57,0.023011018951599987,57,full_predeclared_inference,e90eda294b47248d
618,-0.008180993202826841,57,-0.005513743101902631,57,full_predeclared_inference,e90eda294b47248d
619,-6.660082340283129e-05,57,0.0008353351200582625,57,full_predeclared_inference,e90eda294b47248d
620,-0.010535487309909039,57,0.0038848192580116,57,full_predeclared_inference,e90eda294b47248d
621,-0.0012046897865153193,57,0.0031605454894856905,57,full_predeclared_inference,e90eda294b47248d
622,0.007946390953608983,57,0.0035351691651398496,57,full_predeclared_inference,e90eda294b47248d
623,0.008633496220906882,57,-0.008369037976943905,57,full_predeclared_inference,e90eda294b47248d
624,-0.013334890809423454,57,-0.007306156342999389,57,full_predeclared_inference,e90eda294b47248d
625,-0.0028770094101243896,57,-0.00852035650853506,57,full_predeclared_inference,e90eda294b47248d
626,5.460587388120275e-05,57,-0.001238667999988565,57,full_predeclared_inference,e90eda294b47248d
627,-0.01565110952187036,57,-0.004814493515276081,57,full_predeclared_inference,e90eda294b47248d
628,-0.00330715776027487,57,-0.019559852457699617,57,full_predeclared_inference,e90eda294b47248d
629,0.01203408114077585,57,0.003092832126966971,57,full_predeclared_inference,e90eda294b47248d
630,0.0043546963206779095,57,0.002650074664682827,57,full_predeclared_inference,e90eda294b47248d
631,0.00706605102625205,57,0.009293283848147796,57,full_predeclared_inference,e90eda294b47248d
632,0.009358778531460022,57,-0.005318275368847124,57,full_predeclared_inference,e90eda294b47248d
633,-0.0037679306265049014,57,-0.022717597797534326,57,full_predeclared_inference,e90eda294b47248d
634,-0.0009594582190408364,57,-0.005828286224851455,57,full_predeclared_inference,e90eda294b47248d
635,-0.005458592699105773,57,-0.01358056741085374,57,full_predeclared_inference,e90eda294b47248d
636,-0.004962693576957318,57,0.011132052407260723,57,full_predeclared_inference,e90eda294b47248d
637,-0.005665547479923427,57,-0.013793537252752728,57,full_predeclared_inference,e90eda294b47248d
638,-0.00430173609874982,57,0.008638306351629764,57,full_predeclared_inference,e90eda294b47248d
639,-0.006134856398076036,57,-0.003295391520765906,57,full_predeclared_inference,e90eda294b47248d
640,-0.008201713224245625,57,-0.0013084076795410416,57,full_predeclared_inference,e90eda294b47248d
641,0.0021767461514884973,57,0.011085643121196673,57,full_predeclared_inference,e90eda294b47248d
642,0.0018634974758800576,57,0.02003716327789775,57,full_predeclared_inference,e90eda294b47248d
643,0.0019522335366744048,57,-0.016550280578074034,57,full_predeclared_inference,e90eda294b47248d
644,-0.01228428111457265,57,0.0023282232403426303,57,full_predeclared_inference,e90eda294b47248d
645,-0.009174323998419824,57,0.012979626320284713,57,full_predeclared_inference,e90eda294b47248d
646,0.006093914208227204,57,0.004948233794050622,57,full_predeclared_inference,e90eda294b47248d
647,0.006695807852037591,57,0.012025305252164687,57,full_predeclared_inference,e90eda294b47248d
648,-0.011747892321203646,57,0.008124401157697516,57,full_predeclared_inference,e90eda294b47248d
649,0.0028122553219272115,57,0.00395349422115732,57,full_predeclared_inference,e90eda294b47248d
650,0.004963546940815595,57,0.014821080021628871,57,full_predeclared_inference,e90eda294b47248d
651,-0.009222296492078511,57,0.024728052846920298,57,full_predeclared_inference,e90eda294b47248d
652,-0.008746559273885936,57,-0.016119726138055138,57,full_predeclared_inference,e90eda294b47248d
653,4.876883665115207e-05,57,-0.0021335716943275715,57,full_predeclared_inference,e90eda294b47248d
654,0.0004953690903640592,57,0.008661069136761831,57,full_predeclared_inference,e90eda294b47248d
655,0.01131274690537793,57,-0.016920580436137537,57,full_predeclared_inference,e90eda294b47248d
656,-0.006537786078501137,57,-0.002895199707632297,57,full_predeclared_inference,e90eda294b47248d
657,0.005068878448785928,57,-0.022473207784721224,57,full_predeclared_inference,e90eda294b47248d
658,0.0050585683186176915,57,-0.004179718995943722,57,full_predeclared_inference,e90eda294b47248d
659,-0.0016102970336764697,57,0.006576047335096486,57,full_predeclared_inference,e90eda294b47248d
660,-0.014355829607034383,57,0.004634377829622649,57,full_predeclared_inference,e90eda294b47248d
661,-0.0001463449033749387,57,0.015591374942896544,57,full_predeclared_inference,e90eda294b47248d
662,-0.006771952283411373,57,-0.004360809815041937,57,full_predeclared_inference,e90eda294b47248d
663,-0.0037176454471675225,57,-0.003844334356303684,57,full_predeclared_inference,e90eda294b47248d
664,0.011394847940424717,57,0.006244790022829539,57,full_predeclared_inference,e90eda294b47248d
665,-0.0022011906326162276,57,0.008505136037788264,57,full_predeclared_inference,e90eda294b47248d
666,0.002124010032401977,57,0.0059241977653754566,57,full_predeclared_inference,e90eda294b47248d
667,-0.007353124552248695,57,-0.0036763363718774465,57,full_predeclared_inference,e90eda294b47248d
668,0.014218609925054164,57,-0.00032907974228170894,57,full_predeclared_inference,e90eda294b47248d
669,0.0050738270499915,57,0.011158794226275574,57,full_predeclared_inference,e90eda294b47248d
670,-0.004183418479130709,57,-0.01231881428232666,57,full_predeclared_inference,e90eda294b47248d
671,0.012119131049667192,57,0.0044607478239084295,57,full_predeclared_inference,e90eda294b47248d
672,-0.016487216270097187,57,0.004645537747806313,57,full_predeclared_inference,e90eda294b47248d
673,-6.849358998474515e-06,57,0.0019060330030385485,57,full_predeclared_inference,e90eda294b47248d
674,0.0020458967255406143,57,-0.0018002355770015046,57,full_predeclared_inference,e90eda294b47248d
675,0.006268539845010589,57,-0.01468755474234851,57,full_predeclared_inference,e90eda294b47248d
676,-0.00036719068381868753,57,-0.005028844926244559,57,full_predeclared_inference,e90eda294b47248d
677,0.0057194224858308634,57,0.0021923583354068136,57,full_predeclared_inference,e90eda294b47248d
678,-0.008045509959423835,57,-0.017053612835973158,57,full_predeclared_inference,e90eda294b47248d
679,0.0006888058519707103,57,-0.012117289626400277,57,full_predeclared_inference,e90eda294b47248d
680,-0.007021792240482159,57,-0.00182054259837901,57,full_predeclared_inference,e90eda294b47248d
681,0.002083181520787525,57,-0.006076913838241138,57,full_predeclared_inference,e90eda294b47248d
682,-0.0015143751921770853,57,-0.009759936773305439,57,full_predeclared_inference,e90eda294b47248d
683,-0.0020805726424296587,57,-0.012523181703635249,57,full_predeclared_inference,e90eda294b47248d
684,-0.006891985345236857,57,0.0005181755114060568,57,full_predeclared_inference,e90eda294b47248d
685,-0.006454986403066752,57,0.0013311114905178644,57,full_predeclared_inference,e90eda294b47248d
686,-0.009866970968873193,57,0.01013507471007917,57,full_predeclared_inference,e90eda294b47248d
687,-0.004794172452173908,57,0.004274685571527927,57,full_predeclared_inference,e90eda294b47248d
688,0.00745589970929652,57,-0.0025149934010569377,57,full_predeclared_inference,e90eda294b47248d
689,0.010438419932498165,57,-0.007436282525443783,57,full_predeclared_inference,e90eda294b47248d
690,0.011600994157116492,57,-0.008631335186832113,57,full_predeclared_inference,e90eda294b47248d
691,-0.012755976451588422,57,0.005759111189745824,57,full_predeclared_inference,e90eda294b47248d
692,0.0013681138098720342,57,0.011995544866891882,57,full_predeclared_inference,e90eda294b47248d
693,-0.0028052425088388694,57,0.0038541773378104605,57,full_predeclared_inference,e90eda294b47248d
694,-0.007458917347561623,57,-0.007639951862677691,57,full_predeclared_inference,e90eda294b47248d
695,-0.020073401964090264,57,0.0006121238230879229,57,full_predeclared_inference,e90eda294b47248d
696,-0.005512403811115414,57,-0.00845991843185793,57,full_predeclared_inference,e90eda294b47248d
697,-0.009429619594769272,57,-0.012778825853523749,57,full_predeclared_inference,e90eda294b47248d
698,0.00027048695423710124,57,-0.013325271422899482,57,full_predeclared_inference,e90eda294b47248d
699,-0.00564950215014513,57,-0.0001291920618236059,57,full_predeclared_inference,e90eda294b47248d
700,-0.013119839775256848,57,0.004571518262755247,57,full_predeclared_inference,e90eda294b47248d
701,0.021082247915176034,57,-0.01954893410941804,57,full_predeclared_inference,e90eda294b47248d
702,0.012974354138831048,57,-0.007141740341959062,57,full_predeclared_inference,e90eda294b47248d
703,-0.01048355515618473,57,0.0004951473725419591,57,full_predeclared_inference,e90eda294b47248d
704,-0.007149197202319169,57,0.01031512007281167,57,full_predeclared_inference,e90eda294b47248d
705,0.0010769828408775846,57,0.003914278084698342,57,full_predeclared_inference,e90eda294b47248d
706,-0.00719070807798784,57,-0.003120089567423365,57,full_predeclared_inference,e90eda294b47248d
707,-0.0022109633475224204,57,-0.00490588545760973,57,full_predeclared_inference,e90eda294b47248d
708,0.006357901728301001,57,0.008480498394647828,57,full_predeclared_inference,e90eda294b47248d
709,0.0035386492949962363,57,-0.014177891793822964,57,full_predeclared_inference,e90eda294b47248d
710,0.0046096057372596935,57,-0.014017319109084974,57,full_predeclared_inference,e90eda294b47248d
711,0.004329570665039955,57,0.0004015095813631912,57,full_predeclared_inference,e90eda294b47248d
712,-0.012054049799534415,57,-0.016335477253310374,57,full_predeclared_inference,e90eda294b47248d
713,0.011845825785938544,57,-0.013096343104538593,57,full_predeclared_inference,e90eda294b47248d
714,0.016659363581448445,57,-0.009459079971516734,57,full_predeclared_inference,e90eda294b47248d
715,-0.003445134140738966,57,0.0038614160444861035,57,full_predeclared_inference,e90eda294b47248d
716,0.004100769989088972,57,-0.01869031820521252,57,full_predeclared_inference,e90eda294b47248d
717,0.012945174197880008,57,-0.0020590908597009775,57,full_predeclared_inference,e90eda294b47248d
718,0.0017937506623768838,57,0.006753527597509148,57,full_predeclared_inference,e90eda294b47248d
719,0.0020879419267952628,57,0.0074691587793137195,57,full_predeclared_inference,e90eda294b47248d
720,0.0033443377298711134,57,0.0002824876058445976,57,full_predeclared_inference,e90eda294b47248d
721,-0.003447422394339052,57,0.014138892619016689,57,full_predeclared_inference,e90eda294b47248d
722,0.01790011358300565,57,0.004332247229190826,57,full_predeclared_inference,e90eda294b47248d
723,0.002872243454216136,57,-0.00609254150340431,57,full_predeclared_inference,e90eda294b47248d
724,0.0037775315102999037,57,-0.004956011218368228,57,full_predeclared_inference,e90eda294b47248d
725,-0.0031145114150031923,57,-0.00032959250074714153,57,full_predeclared_inference,e90eda294b47248d
726,-0.010270256001654283,57,-0.005223373950035691,57,full_predeclared_inference,e90eda294b47248d
727,-0.013928347962656419,57,0.004946533840778102,57,full_predeclared_inference,e90eda294b47248d
728,-0.004937725994446235,57,-0.0013746778071375041,57,full_predeclared_inference,e90eda294b47248d
729,0.0026295312978222296,57,-0.0038815861283511706,57,full_predeclared_inference,e90eda294b47248d
730,0.0007329672645616295,57,0.008112232749545544,57,full_predeclared_inference,e90eda294b47248d
731,-0.00573034763898164,57,-0.0004475267536937787,57,full_predeclared_inference,e90eda294b47248d
732,-0.005264878137450408,57,0.005803172756336724,57,full_predeclared_inference,e90eda294b47248d
733,0.0006774170032544657,57,0.008090695065634954,57,full_predeclared_inference,e90eda294b47248d
734,0.004436449306069868,57,-0.000878445268111205,57,full_predeclared_inference,e90eda294b47248d
735,0.0031199584887073154,57,0.005297630355034518,57,full_predeclared_inference,e90eda294b47248d
736,-0.0017416417033984768,57,-0.0146875200730429,57,full_predeclared_inference,e90eda294b47248d
737,0.01229927873952077,57,-0.0026979237567604335,57,full_predeclared_inference,e90eda294b47248d
738,-0.008372413726340724,57,-0.00022548904969583105,57,full_predeclared_inference,e90eda294b47248d
739,0.013329002324759061,57,-0.0022444651560316296,57,full_predeclared_inference,e90eda294b47248d
740,-0.013493092482284898,57,0.0054223970119654215,57,full_predeclared_inference,e90eda294b47248d
741,0.008362225024527884,57,0.0045785368710721756,57,full_predeclared_inference,e90eda294b47248d
742,-0.0008735712361119934,57,0.013565749060027069,57,full_predeclared_inference,e90eda294b47248d
743,-0.005477889071328306,57,-0.0036775977826221775,57,full_predeclared_inference,e90eda294b47248d
744,-0.0029312109685347364,57,-0.008244679584438364,57,full_predeclared_inference,e90eda294b47248d
745,0.007532256364820579,57,0.00824085532127743,57,full_predeclared_inference,e90eda294b47248d
746,-0.005665253579297845,57,0.004417880818391485,57,full_predeclared_inference,e90eda294b47248d
747,0.0057207400858622845,57,0.008583663380034644,57,full_predeclared_inference,e90eda294b47248d
748,0.00038962007585816906,57,0.008942933785150133,57,full_predeclared_inference,e90eda294b47248d
749,-0.0034512650047061762,57,0.005261434362396398,57,full_predeclared_inference,e90eda294b47248d
750,0.0017636055051827577,57,-4.256599840205427e-05,57,full_predeclared_inference,e90eda294b47248d
751,0.0014275076806894486,57,0.00379430194020298,57,full_predeclared_inference,e90eda294b47248d
752,0.005877845148792465,57,0.004522243374343891,57,full_predeclared_inference,e90eda294b47248d
753,-0.0024828377529663398,57,0.005416246261442153,57,full_predeclared_inference,e90eda294b47248d
754,0.007907540392697567,57,-0.010630919803033056,57,full_predeclared_inference,e90eda294b47248d
755,-0.0007984294075131939,57,0.005124415439686798,57,full_predeclared_inference,e90eda294b47248d
756,0.0002670214810722092,57,-0.0036315925854944952,57,full_predeclared_inference,e90eda294b47248d
757,0.012291856994927075,57,-0.006352924383766342,57,full_predeclared_inference,e90eda294b47248d
758,0.004746285411516481,57,0.0023018388350511897,57,full_predeclared_inference,e90eda294b47248d
759,0.01040361185736958,57,0.0001287966498206361,57,full_predeclared_inference,e90eda294b47248d
760,-0.0012829136870538905,57,0.006113995360367387,57,full_predeclared_inference,e90eda294b47248d
761,-0.0016867764088780858,57,-0.01527144184063964,57,full_predeclared_inference,e90eda294b47248d
762,-0.017589332864514095,57,-0.011273123397514904,57,full_predeclared_inference,e90eda294b47248d
763,-0.007890457877873519,57,0.002618960168847338,57,full_predeclared_inference,e90eda294b47248d
764,-0.006962392339485159,57,0.00690757283116257,57,full_predeclared_inference,e90eda294b47248d
765,-0.006709110924258704,57,-0.008147294467443346,57,full_predeclared_inference,e90eda294b47248d
766,-0.007617051580142504,57,-0.0035713965213245696,57,full_predeclared_inference,e90eda294b47248d
767,-0.01640452689690887,57,-0.00017936245856036285,57,full_predeclared_inference,e90eda294b47248d
768,-0.012166768629395013,57,-0.0007250811096257497,57,full_predeclared_inference,e90eda294b47248d
769,-0.0008989591555201867,57,-0.0023884993777946134,57,full_predeclared_inference,e90eda294b47248d
770,0.00298073293753518,57,-0.006632404542453693,57,full_predeclared_inference,e90eda294b47248d
771,0.01746980052659973,57,0.0014901956753343457,57,full_predeclared_inference,e90eda294b47248d
772,-0.007626801514965034,57,-0.006227323367853452,57,full_predeclared_inference,e90eda294b47248d
773,-0.004278361044369423,57,-0.00027583586733525683,57,full_predeclared_inference,e90eda294b47248d
774,0.001764992347762588,57,0.0014544421913032142,57,full_predeclared_inference,e90eda294b47248d
775,-0.01749133076190125,57,0.014111305903236475,57,full_predeclared_inference,e90eda294b47248d
776,-0.007406129742882836,57,0.001798628072882133,57,full_predeclared_inference,e90eda294b47248d
777,-0.01898348995283105,57,0.017071561223366855,57,full_predeclared_inference,e90eda294b47248d
778,0.004830523759000926,57,0.00016988932308330287,57,full_predeclared_inference,e90eda294b47248d
779,-0.007705356552565545,57,-0.014138575820376491,57,full_predeclared_inference,e90eda294b47248d
780,-0.00720395451988447,57,-0.003491871283660419,57,full_predeclared_inference,e90eda294b47248d
781,-0.0021987913960742835,57,0.005061651312235179,57,full_predeclared_inference,e90eda294b47248d
782,0.01755114735316411,57,-0.011362483217702975,57,full_predeclared_inference,e90eda294b47248d
783,0.00045726553784251623,57,-0.0035353804344851786,57,full_predeclared_inference,e90eda294b47248d
784,0.0039024345060368376,57,-0.008546950430090223,57,full_predeclared_inference,e90eda294b47248d
785,-0.005154273188249889,57,0.011007117367937046,57,full_predeclared_inference,e90eda294b47248d
786,0.0014842935081729501,57,-0.011649728165609764,57,full_predeclared_inference,e90eda294b47248d
787,-0.005003200960193362,57,0.015528846238341302,57,full_predeclared_inference,e90eda294b47248d
788,-0.012286406933362935,57,0.004640184887375262,57,full_predeclared_inference,e90eda294b47248d
789,0.009396405395224926,57,0.003102854439962095,57,full_predeclared_inference,e90eda294b47248d
790,-0.003760377129715975,57,-0.004624848792385932,57,full_predeclared_inference,e90eda294b47248d
791,-0.0063865167633452465,57,-0.0008731746762793907,57,full_predeclared_inference,e90eda294b47248d
792,-0.002595491009681474,57,-0.013150872754048897,57,full_predeclared_inference,e90eda294b47248d
793,-0.00034413083293380965,57,-0.01735545049559357,57,full_predeclared_inference,e90eda294b47248d
794,-0.013438174497987548,57,0.005156328032918843,57,full_predeclared_inference,e90eda294b47248d
795,-0.003491441672054027,57,0.0056321389258538225,57,full_predeclared_inference,e90eda294b47248d
796,0.019528226904442295,57,0.0007279217200243012,57,full_predeclared_inference,e90eda294b47248d
797,0.008935584269817871,57,0.009560763208141232,57,full_predeclared_inference,e90eda294b47248d
798,-0.015335935482685095,57,-0.006257973041678896,57,full_predeclared_inference,e90eda294b47248d
799,0.005354629086209398,57,-0.0008126376046226687,57,full_predeclared_inference,e90eda294b47248d
800,-0.009181357981324417,57,-0.01786528857928116,57,full_predeclared_inference,e90eda294b47248d
801,-0.009951805782191002,57,-0.014818293244068527,57,full_predeclared_inference,e90eda294b47248d
802,-0.010406187711293891,57,0.004931287635582336,57,full_predeclared_inference,e90eda294b47248d
803,-0.003935396405422987,57,0.0009064996323097057,57,full_predeclared_inference,e90eda294b47248d
804,0.014575795239372809,57,0.007852548773716406,57,full_predeclared_inference,e90eda294b47248d
805,0.0022249533771224934,57,0.007132227208287556,57,full_predeclared_inference,e90eda294b47248d
806,-0.007915911501737151,57,-0.001993740744708803,57,full_predeclared_inference,e90eda294b47248d
807,0.010510094218569924,57,0.005552456031184691,57,full_predeclared_inference,e90eda294b47248d
808,-0.0076939035687808,57,-0.006720762298879841,57,full_predeclared_inference,e90eda294b47248d
809,-0.022601507636132053,57,0.009368502069236524,57,full_predeclared_inference,e90eda294b47248d
810,-0.001452445147631448,57,0.006124465176254669,57,full_predeclared_inference,e90eda294b47248d
811,-0.002080302265444483,57,0.008966881314663906,57,full_predeclared_inference,e90eda294b47248d
812,-0.006784534996393055,57,-0.004958951076252046,57,full_predeclared_inference,e90eda294b47248d
813,-0.007029702573148309,57,-0.0057363753050224025,57,full_predeclared_inference,e90eda294b47248d
814,0.00987342705939801,57,-0.008951627481048935,57,full_predeclared_inference,e90eda294b47248d
815,-0.00707899568067335,57,-0.0009331854201843543,57,full_predeclared_inference,e90eda294b47248d
816,-0.006596041842908214,57,-0.005305444432786912,57,full_predeclared_inference,e90eda294b47248d
817,0.0002549874384849237,57,0.007283805165909816,57,full_predeclared_inference,e90eda294b47248d
818,-0.0015181664599640324,57,-0.009109602694961414,57,full_predeclared_inference,e90eda294b47248d
819,0.0012536719235278083,57,0.0011341124275861692,57,full_predeclared_inference,e90eda294b47248d
820,0.01601030514712941,57,-0.00458097076550165,57,full_predeclared_inference,e90eda294b47248d
821,-0.003429542614517746,57,-0.00010075800281032217,57,full_predeclared_inference,e90eda294b47248d
822,0.006359753227760216,57,-0.008393851824376944,57,full_predeclared_inference,e90eda294b47248d
823,-0.01373053698491089,57,-0.010723281769953586,57,full_predeclared_inference,e90eda294b47248d
824,-0.004880118839361894,57,0.00757273564913698,57,full_predeclared_inference,e90eda294b47248d
825,-0.0051051113357860264,57,-0.010196580945356063,57,full_predeclared_inference,e90eda294b47248d
826,-0.013922753300565449,57,-0.008070837194910599,57,full_predeclared_inference,e90eda294b47248d
827,-0.008627709668033967,57,0.00480840112853311,57,full_predeclared_inference,e90eda294b47248d
828,-0.0012964410205373042,57,-0.003752846671866577,57,full_predeclared_inference,e90eda294b47248d
829,0.009431664935679034,57,-0.008248269154775301,57,full_predeclared_inference,e90eda294b47248d
830,-0.0068191091599625305,57,-0.0008474874410110679,57,full_predeclared_inference,e90eda294b47248d
831,0.005233557263614393,57,-0.016936586499375152,57,full_predeclared_inference,e90eda294b47248d
832,0.007049647332400547,57,0.006179991621145657,57,full_predeclared_inference,e90eda294b47248d
833,-0.009781625586040569,57,-0.013726884588695011,57,full_predeclared_inference,e90eda294b47248d
834,0.005910108215470299,57,0.02051534910427209,57,full_predeclared_inference,e90eda294b47248d
835,-0.0007166134324440659,57,-0.01323815480603337,57,full_predeclared_inference,e90eda294b47248d
836,0.005634699929193117,57,0.011506701386116275,57,full_predeclared_inference,e90eda294b47248d
837,0.018733750225270768,57,0.0017228470558540397,57,full_predeclared_inference,e90eda294b47248d
838,6.454070878785479e-05,57,-0.008000059053644796,57,full_predeclared_inference,e90eda294b47248d
839,0.004982190131314894,57,-0.0014258738549118807,57,full_predeclared_inference,e90eda294b47248d
840,-0.005078927317765719,57,-0.012634471861986829,57,full_predeclared_inference,e90eda294b47248d
841,-0.008261220656299147,57,-0.0072992156457297765,57,full_predeclared_inference,e90eda294b47248d
842,0.000677777280685256,57,-0.020347546953278207,57,full_predeclared_inference,e90eda294b47248d
843,0.006951457832274143,57,0.005319224410941473,57,full_predeclared_inference,e90eda294b47248d
844,-0.008068573988012999,57,0.004899761830744449,57,full_predeclared_inference,e90eda294b47248d
845,0.005917895775787233,57,0.009517906242236328,57,full_predeclared_inference,e90eda294b47248d
846,0.018420998484227367,57,-0.018858673580257102,57,full_predeclared_inference,e90eda294b47248d
847,-0.0031790214365169946,57,-0.014414418371384633,57,full_predeclared_inference,e90eda294b47248d
848,-0.004476895717601884,57,-0.002655001933362735,57,full_predeclared_inference,e90eda294b47248d
849,0.0030819532223939194,57,0.008858279417422106,57,full_predeclared_inference,e90eda294b47248d
850,-0.029893480884379604,57,-0.009338152102074403,57,full_predeclared_inference,e90eda294b47248d
851,0.006352857846581606,57,-0.020342660762956134,57,full_predeclared_inference,e90eda294b47248d
852,0.004574346696486671,57,-0.018192871396745827,57,full_predeclared_inference,e90eda294b47248d
853,-0.011295546511190227,57,0.007831821170560005,57,full_predeclared_inference,e90eda294b47248d
854,0.009773509710206437,57,-0.004969398942162448,57,full_predeclared_inference,e90eda294b47248d
855,0.0013422643558014613,57,-0.006082918722700996,57,full_predeclared_inference,e90eda294b47248d
856,-0.012633850669701673,57,-0.0032373969322237353,57,full_predeclared_inference,e90eda294b47248d
857,-0.0021711218102483153,57,5.1639050411646115e-05,57,full_predeclared_inference,e90eda294b47248d
858,0.007019251204673773,57,0.0027142914276925925,57,full_predeclared_inference,e90eda294b47248d
859,0.012741824686334297,57,-0.0002031352948506517,57,full_predeclared_inference,e90eda294b47248d
860,-0.0020381974162360663,57,0.014548478659882257,57,full_predeclared_inference,e90eda294b47248d
861,-0.024292631378218604,57,-0.01148562239123336,57,full_predeclared_inference,e90eda294b47248d
862,-0.013676596592670674,57,-0.00962614649490398,57,full_predeclared_inference,e90eda294b47248d
863,-0.01534754118285523,57,0.0034539406979273548,57,full_predeclared_inference,e90eda294b47248d
864,-0.004519086680965278,57,0.011810519376940765,57,full_predeclared_inference,e90eda294b47248d
865,-0.004895455736585518,57,-0.00031174479186067813,57,full_predeclared_inference,e90eda294b47248d
866,-0.017270055946461565,57,-0.010513175192953866,57,full_predeclared_inference,e90eda294b47248d
867,-0.002142667234925834,57,0.014751345202232652,57,full_predeclared_inference,e90eda294b47248d
868,0.0035707732622675607,57,0.009034338846453924,57,full_predeclared_inference,e90eda294b47248d
869,0.0038053790747005047,57,0.00944120013393809,57,full_predeclared_inference,e90eda294b47248d
870,-0.008259592513739566,57,0.0018314774041762656,57,full_predeclared_inference,e90eda294b47248d
871,0.013049737386804691,57,-0.005860466132804392,57,full_predeclared_inference,e90eda294b47248d
872,0.010016926005218724,57,-0.003931489213940428,57,full_predeclared_inference,e90eda294b47248d
873,-0.0005601790148931611,57,0.008992684208399567,57,full_predeclared_inference,e90eda294b47248d
874,-0.004318742295779421,57,-0.0056318924688142985,57,full_predeclared_inference,e90eda294b47248d
875,-0.006725227915558066,57,-0.0042922263440014095,57,full_predeclared_inference,e90eda294b47248d
876,0.008725516837162968,57,0.003806182541053972,57,full_predeclared_inference,e90eda294b47248d
877,-0.007009249417192095,57,-0.01141974535473593,57,full_predeclared_inference,e90eda294b47248d
878,0.0036041165322104737,57,-0.011047756052942713,57,full_predeclared_inference,e90eda294b47248d
879,-0.0023905823742466684,57,-0.008169102000006123,57,full_predeclared_inference,e90eda294b47248d
880,-0.004280533890205473,57,-0.00432124171812985,57,full_predeclared_inference,e90eda294b47248d
881,0.022307974410944523,57,0.0012232757489875248,57,full_predeclared_inference,e90eda294b47248d
882,6.856071391509777e-05,57,0.01216875037744628,57,full_predeclared_inference,e90eda294b47248d
883,-0.0023242237937614097,57,0.001939658662930462,57,full_predeclared_inference,e90eda294b47248d
884,-0.005909839624226293,57,-0.01305820305724245,57,full_predeclared_inference,e90eda294b47248d
885,0.009064702169372635,57,-0.0041166620482396546,57,full_predeclared_inference,e90eda294b47248d
886,0.00014788424181293194,57,-0.0007115763967112489,57,full_predeclared_inference,e90eda294b47248d
887,-0.0041875059933890076,57,-0.005201542431376151,57,full_predeclared_inference,e90eda294b47248d
888,0.007379091466033071,57,-0.01767660645237929,57,full_predeclared_inference,e90eda294b47248d
889,-0.0051875973426726875,57,0.015110651396544092,57,full_predeclared_inference,e90eda294b47248d
890,0.009162240142157796,57,-0.008022210763057657,57,full_predeclared_inference,e90eda294b47248d
891,-0.011122123326409031,57,0.009571367222915211,57,full_predeclared_inference,e90eda294b47248d
892,-5.6010812915174846e-05,57,-0.001291380092497044,57,full_predeclared_inference,e90eda294b47248d
893,0.002607793323259955,57,-0.004567583692522717,57,full_predeclared_inference,e90eda294b47248d
894,0.0076659410141600905,57,-0.0023153414350042837,57,full_predeclared_inference,e90eda294b47248d
895,-0.0073869181443559865,57,-0.014649672016253862,57,full_predeclared_inference,e90eda294b47248d
896,-0.001838056735132442,57,0.012774789186387227,57,full_predeclared_inference,e90eda294b47248d
897,5.092251068006113e-05,57,0.013110341130968312,57,full_predeclared_inference,e90eda294b47248d
898,-0.00712665220537297,57,-0.0023425830032111935,57,full_predeclared_inference,e90eda294b47248d
899,-0.012334667293808341,57,-0.014414545655052208,57,full_predeclared_inference,e90eda294b47248d
900,0.0054705733540336135,57,-0.023999882278926667,57,full_predeclared_inference,e90eda294b47248d
901,-0.01924490135911896,57,0.0006390768955871752,57,full_predeclared_inference,e90eda294b47248d
902,0.008301350925393906,57,-0.008832644884294184,57,full_predeclared_inference,e90eda294b47248d
903,0.0033971269000321715,57,-0.011999340196557346,57,full_predeclared_inference,e90eda294b47248d
904,-0.002751197454785964,57,0.00479719671005999,57,full_predeclared_inference,e90eda294b47248d
905,-0.008128567488683949,57,0.01640460788628877,57,full_predeclared_inference,e90eda294b47248d
906,-0.0017924035323617705,57,-0.0037791188018095135,57,full_predeclared_inference,e90eda294b47248d
907,-0.0024276395704483224,57,0.01863920928062426,57,full_predeclared_inference,e90eda294b47248d
908,-0.00505323769479961,57,-0.002199842283342127,57,full_predeclared_inference,e90eda294b47248d
909,-0.009970007642777756,57,-0.013859610440212188,57,full_predeclared_inference,e90eda294b47248d
910,0.004239089305964982,57,-0.006469775166996958,57,full_predeclared_inference,e90eda294b47248d
911,-0.01694521302821908,57,-0.005064447679969671,57,full_predeclared_inference,e90eda294b47248d
912,0.010894236367567638,57,0.004835749745864186,57,full_predeclared_inference,e90eda294b47248d
913,0.0037544131404632208,57,-0.008623574931170075,57,full_predeclared_inference,e90eda294b47248d
914,-0.003142351288686487,57,-0.0036066405028790777,57,full_predeclared_inference,e90eda294b47248d
915,0.0025029534392520284,57,0.017378752236746616,57,full_predeclared_inference,e90eda294b47248d
916,-0.004228363971814915,57,-0.006417417144747898,57,full_predeclared_inference,e90eda294b47248d
917,-0.005560591104886291,57,-0.0008237066180382702,57,full_predeclared_inference,e90eda294b47248d
918,-0.003111629594355452,57,0.005370659881820127,57,full_predeclared_inference,e90eda294b47248d
919,0.006026248006258332,57,0.003635274296596482,57,full_predeclared_inference,e90eda294b47248d
920,0.0013501829050954644,57,-0.006241122789289458,57,full_predeclared_inference,e90eda294b47248d
921,0.0030825964822617947,57,-0.0008530615417960685,57,full_predeclared_inference,e90eda294b47248d
922,-0.010035243242858444,57,-0.005895103431868389,57,full_predeclared_inference,e90eda294b47248d
923,-0.01750988712504816,57,0.01715784317337711,57,full_predeclared_inference,e90eda294b47248d
924,-0.0020287123545606207,57,-0.028311524045556005,57,full_predeclared_inference,e90eda294b47248d
925,0.0007212189050405513,57,0.0005292395446227538,57,full_predeclared_inference,e90eda294b47248d
926,0.009283773679062551,57,0.003538528682005115,57,full_predeclared_inference,e90eda294b47248d
927,-0.00014178529521862782,57,-0.01682840906538348,57,full_predeclared_inference,e90eda294b47248d
928,0.002895667410873812,57,-0.012226428160651618,57,full_predeclared_inference,e90eda294b47248d
929,-0.01091057516977107,57,-0.005347489416096115,57,full_predeclared_inference,e90eda294b47248d
930,-0.010267573680844915,57,-0.001812973261973827,57,full_predeclared_inference,e90eda294b47248d
931,-0.0010436464010762417,57,0.012068741159682822,57,full_predeclared_inference,e90eda294b47248d
932,0.017809669925742275,57,-0.018548889618185255,57,full_predeclared_inference,e90eda294b47248d
933,-0.008422280614426493,57,0.0067320470074108095,57,full_predeclared_inference,e90eda294b47248d
934,0.015313098757660402,57,0.0076781554171584925,57,full_predeclared_inference,e90eda294b47248d
935,-0.019278616231236764,57,0.0006490121393958711,57,full_predeclared_inference,e90eda294b47248d
936,-0.0004808133127737879,57,-0.0011993195680955037,57,full_predeclared_inference,e90eda294b47248d
937,0.015790912820487356,57,0.0003732655716963777,57,full_predeclared_inference,e90eda294b47248d
938,0.00445341396798359,57,-0.009174925788092432,57,full_predeclared_inference,e90eda294b47248d
939,-0.010697103547063169,57,-0.01326737404537059,57,full_predeclared_inference,e90eda294b47248d
940,-3.697742756571717e-05,57,0.008025440109272143,57,full_predeclared_inference,e90eda294b47248d
941,0.005587829805089604,57,-0.0056063539686607745,57,full_predeclared_inference,e90eda294b47248d
942,-0.003161124933739851,57,-0.021758772964388988,57,full_predeclared_inference,e90eda294b47248d
943,-0.00639694960358938,57,0.007239061227939245,57,full_predeclared_inference,e90eda294b47248d
944,-0.0026241007276459234,57,-0.0015902440005945218,57,full_predeclared_inference,e90eda294b47248d
945,0.00711438088732508,57,0.0005804119928958138,57,full_predeclared_inference,e90eda294b47248d
946,0.010317157653643298,57,-0.0036361931875013537,57,full_predeclared_inference,e90eda294b47248d
947,0.00434270770817018,57,-0.008774676677572736,57,full_predeclared_inference,e90eda294b47248d
948,-0.0027299534888302773,57,8.016038761002806e-05,57,full_predeclared_inference,e90eda294b47248d
949,0.0017543555649989057,57,-0.0005727105103005987,57,full_predeclared_inference,e90eda294b47248d
950,0.0072199268097317745,57,-0.011007229726764104,57,full_predeclared_inference,e90eda294b47248d
951,0.0061434586146274514,57,-0.0027758612459269825,57,full_predeclared_inference,e90eda294b47248d
952,0.011281845973327619,57,7.409008491283782e-05,57,full_predeclared_inference,e90eda294b47248d
953,-0.007548523788651309,57,0.0003923804403558265,57,full_predeclared_inference,e90eda294b47248d
954,-0.014528005404262216,57,0.0013730684562208854,57,full_predeclared_inference,e90eda294b47248d
955,-0.007628549527766837,57,-0.00904208767064472,57,full_predeclared_inference,e90eda294b47248d
956,-0.01167848932270177,57,0.0003475245369421006,57,full_predeclared_inference,e90eda294b47248d
957,0.011573375592269227,57,-0.009080705313758061,57,full_predeclared_inference,e90eda294b47248d
958,-0.001692361375285162,57,-0.006403206980083645,57,full_predeclared_inference,e90eda294b47248d
959,0.00552514483783428,57,-0.004676021614087888,57,full_predeclared_inference,e90eda294b47248d
960,-0.004117646796125887,57,0.00605547934419031,57,full_predeclared_inference,e90eda294b47248d
961,-0.018423424266294328,57,-0.010984904106456516,57,full_predeclared_inference,e90eda294b47248d
962,-0.00455116340612706,57,-0.00011021164934716709,57,full_predeclared_inference,e90eda294b47248d
963,0.003394643508656306,57,-0.006622522871764686,57,full_predeclared_inference,e90eda294b47248d
964,-0.012607769107882989,57,0.0061350714422171064,57,full_predeclared_inference,e90eda294b47248d
965,0.005410207893671707,57,0.00027688271973292213,57,full_predeclared_inference,e90eda294b47248d
966,7.989013935232753e-06,57,-0.0015209937112426902,57,full_predeclared_inference,e90eda294b47248d
967,-0.01223873968976425,57,0.0008167650528448289,57,full_predeclared_inference,e90eda294b47248d
968,-0.004662652294435615,57,-0.0009265876591125273,57,full_predeclared_inference,e90eda294b47248d
969,-0.005230877450792426,57,-0.016819871512716824,57,full_predeclared_inference,e90eda294b47248d
970,-0.005928648129486658,57,-0.005871240031886015,57,full_predeclared_inference,e90eda294b47248d
971,-0.0037814917533210827,57,-0.00022818372308804386,57,full_predeclared_inference,e90eda294b47248d
972,-0.006310739617806223,57,-0.006529369916791611,57,full_predeclared_inference,e90eda294b47248d
973,0.0013944601491927384,57,-0.0025282343839088204,57,full_predeclared_inference,e90eda294b47248d
974,0.0010252017520061426,57,0.004922439626426009,57,full_predeclared_inference,e90eda294b47248d
975,0.012669200694486626,57,0.01157278325594333,57,full_predeclared_inference,e90eda294b47248d
976,-0.004279382203089469,57,0.004502770521226876,57,full_predeclared_inference,e90eda294b47248d
977,-0.0008618801072046283,57,-0.01176446163026085,57,full_predeclared_inference,e90eda294b47248d
978,-0.011670280875769917,57,0.026184877089112032,57,full_predeclared_inference,e90eda294b47248d
979,0.0075739344400694965,57,-0.015843605595970384,57,full_predeclared_inference,e90eda294b47248d
980,0.0023273241585887367,57,-0.0026550076922397955,57,full_predeclared_inference,e90eda294b47248d
981,-0.00976712542765808,57,-0.009959782123273055,57,full_predeclared_inference,e90eda294b47248d
982,-0.008822112479032017,57,-0.012365692783830299,57,full_predeclared_inference,e90eda294b47248d
983,0.0014872122229506789,57,-0.003088932961265491,57,full_predeclared_inference,e90eda294b47248d
984,-0.00786419021880408,57,-0.003969690670118327,57,full_predeclared_inference,e90eda294b47248d
985,-0.004956585758156406,57,0.008566172270046392,57,full_predeclared_inference,e90eda294b47248d
986,-0.0007176753093287176,57,-0.0004629322520324585,57,full_predeclared_inference,e90eda294b47248d
987,0.009393793016389169,57,-0.0011795986323284483,57,full_predeclared_inference,e90eda294b47248d
988,0.0016100653393038965,57,-0.005504380162141801,57,full_predeclared_inference,e90eda294b47248d
989,0.0035770688890602305,57,0.006640060424519259,57,full_predeclared_inference,e90eda294b47248d
990,0.006663864777477483,57,-0.002689596256825404,57,full_predeclared_inference,e90eda294b47248d
991,-0.00043160185423736193,57,0.014417926542256213,57,full_predeclared_inference,e90eda294b47248d
992,-0.003599210727631682,57,-0.003105966859976285,57,full_predeclared_inference,e90eda294b47248d
993,-0.0050583328859236925,57,-0.01625835890102246,57,full_predeclared_inference,e90eda294b47248d
994,-0.004919096653891731,57,0.023383516668995297,57,full_predeclared_inference,e90eda294b47248d
995,0.00915537287585666,57,0.01444426348762286,57,full_predeclared_inference,e90eda294b47248d
996,0.012253918619047089,57,0.002468355229329062,57,full_predeclared_inference,e90eda294b47248d
997,-0.004577330697617393,57,0.0009359851840657561,57,full_predeclared_inference,e90eda294b47248d
998,-0.012882548150400039,57,-0.008936079071406488,57,full_predeclared_inference,e90eda294b47248d
999,-0.00782192024206791,57,-0.01244049081187416,57,full_predeclared_inference,e90eda294b47248d
