subject,dataset,validity_label,observed_status,observed_gap,h1b_common_shift_removed_status,h1b_common_shift_removed_gap,time_control_gap,permutation_subject_mean,permutation_subject_sd,random_subject_mean,random_subject_sd,n_permutation_failures,n_random_failures,n_valid_trials,n_train_parity,n_test_parity,config_hash,seed
A1,A,full_predeclared_inference,ok,0.0010032859297565144,ok,-0.016618185735832847,-0.16225296442687753,6.56699172823324e-05,0.07621063378191227,0.0006082753401596994,0.0694563456399003,0,0,238,118,120,e90eda294b47248d,1745192146
A5,A,full_predeclared_inference,ok,-0.0842247527030135,ok,-0.05075339314469751,0.0013092193399099061,-0.0016748613863845198,0.08467054945736996,0.0027789766992812265,0.08597708387330201,0,0,238,118,120,e90eda294b47248d,3328879027
A29,A,full_predeclared_inference,ok,7.942201270752514e-05,ok,0.027507344401175055,0.06437338501291992,-0.0032143572936818906,0.07978733853619267,0.000629551144202654,0.08016809247480561,0,0,238,118,120,e90eda294b47248d,3792649476
A33,A,full_predeclared_inference,ok,-0.0034836644383767768,ok,0.003389511345447682,0.12002567394094982,-0.0033162153493794563,0.06014500091006613,-0.00042842424745458276,0.06198387479787641,0,0,240,120,120,e90eda294b47248d,965608130
A37,A,full_predeclared_inference,ok,0.06317806684338545,ok,0.07828426884923351,-0.04536317341195395,0.004233746075678339,0.0700934728160128,-0.0034195708329393787,0.07194191320267163,0,0,239,120,119,e90eda294b47248d,807117547
A41,A,full_predeclared_inference,ok,0.08029689608636975,ok,0.08569500674763836,0.10960281548516837,-0.0011310559601470393,0.07118939005702588,-0.000794061676685192,0.0718075863802652,0,0,236,120,116,e90eda294b47248d,1484773964
A45,A,full_predeclared_inference,ok,-0.009283027536107075,ok,-0.1289258334051167,-0.009811658249158361,-0.00208094535215403,0.07416177105459508,0.0007746224372065778,0.07300447781838462,0,0,240,120,120,e90eda294b47248d,572393361
B69,B,full_predeclared_inference,ok,0.014957264957264904,ok,0.012891737891737864,0.06260175010175006,-0.0013558308546286369,0.04746554867510055,0.0016784072605662244,0.046278212555919164,0,0,240,120,120,e90eda294b47248d,1138350106
B73,B,full_predeclared_inference,ok,0.05837764386151478,ok,0.06824116743471581,0.006651846785225679,-0.002915812629723232,0.04543423650095261,-0.004488929415935786,0.043345521602813616,0,0,238,119,119,e90eda294b47248d,147938930
B77,B,full_predeclared_inference,ok,-0.022831804786692,ok,-0.0425238921479523,0.09922664718061144,-0.0005116212052837752,0.07680309330684477,0.004307203870230271,0.07959020017592983,0,0,239,119,120,e90eda294b47248d,521705956
B81,B,full_predeclared_inference,ok,0.169720066518847,ok,0.1719927937915743,0.11001228994048307,-0.006449531143871472,0.08448492037323808,-0.009384268095275096,0.08586231319784211,0,0,240,120,120,e90eda294b47248d,3179537549
C85,C,full_predeclared_inference,ok,-0.0009603759603760142,ok,-0.041439978939978944,-0.0194851444851446,-0.002960320850810553,0.062078772157743774,-0.0012814255295286018,0.064403556762184,0,0,240,120,120,e90eda294b47248d,30714174
A2,A,full_predeclared_inference,ok,-0.02039852911945933,ok,-0.01934080131754551,-0.0914318783068783,0.0016593507022532959,0.0759047099887508,-0.0046958359107282365,0.07784146887277359,0,0,238,118,120,e90eda294b47248d,1242715119
A6,A,full_predeclared_inference,ok,0.06281580313003576,ok,0.048542639681716016,0.15354220499569338,0.003254177291912293,0.07761784059269679,0.003180764510918901,0.0786669254319318,0,0,238,119,119,e90eda294b47248d,1228882262
A14,A,full_predeclared_inference,ok,0.0795250320924262,ok,0.04813329054343177,0.14294063779357893,-0.00012460390605308324,0.08091469024375192,-0.0004572951670763223,0.07739581299667578,0,0,236,119,117,e90eda294b47248d,3294952796
A18,A,full_predeclared_inference,ok,-0.06442549863602492,ok,-0.09425437057016006,0.06275528066285457,-0.0005227023946736347,0.050233728504020754,-0.00259045895481342,0.052665465626846576,0,0,240,120,120,e90eda294b47248d,3240221066
A22,A,full_predeclared_inference,ok,-0.12033208020050123,ok,-0.13421052631578945,0.024846560846560894,-0.001280809435103159,0.06001544786374391,0.004130585897754681,0.06210132934456069,0,0,239,119,120,e90eda294b47248d,2577112101
A26,A,full_predeclared_inference,ok,-0.08521907000167872,ok,-0.028737899390073318,-0.03072333239515901,-0.0014923451728492251,0.06968876130854018,-0.0053264580598774225,0.067958388352005,0,0,237,118,119,e90eda294b47248d,1173471328
A34,A,full_predeclared_inference,ok,-0.15402283405000802,ok,-0.1696005534320752,0.005556001283697043,-0.000246859110471218,0.07471578504236534,-0.004775842339242233,0.07711041536278544,0,0,240,120,120,e90eda294b47248d,2388361449
A38,A,full_predeclared_inference,ok,0.03531162464985993,ok,0.025472689075630217,0.10245665445665453,0.0004068763602263276,0.0674316838335123,-0.003963463629500106,0.06744535649520532,0,0,240,120,120,e90eda294b47248d,3731025887
A42,A,full_predeclared_inference,ok,0.20483516483516484,ok,0.05488226059654633,0.090817716640085,-0.0022284284742052954,0.06770737487577495,-0.005140370746806472,0.06567464766961066,0,0,240,120,120,e90eda294b47248d,4224383484
A50,A,full_predeclared_inference,ok,0.027682778537771763,ok,0.0012051332160771255,0.011955428166098597,-0.0020467431080912926,0.07700457041548342,0.002087260907597691,0.0745096323179489,0,0,240,120,120,e90eda294b47248d,3355876606
A54,A,full_predeclared_inference,ok,0.03585737179487186,ok,0.15814903846153852,-0.0774322089947091,0.0032364590049147914,0.06934406762619101,-0.0013653223323122526,0.07128529719402996,0,0,240,120,120,e90eda294b47248d,194953981
B62,B,full_predeclared_inference,ok,0.05949961285327143,ok,0.06898470770421988,0.04229460847240052,-0.003281468480294469,0.055089113174536936,0.0002294865270077072,0.05531470221908819,0,0,239,119,120,e90eda294b47248d,3074733576
B66,B,full_predeclared_inference,ok,-0.025083959266214095,ok,-0.035881301458905085,0.09389598720011735,0.0022926963456740865,0.08285954681360722,0.0010680696396064117,0.08263524349348507,0,0,239,120,119,e90eda294b47248d,662777692
B74,B,full_predeclared_inference,ok,0.12297570850202424,ok,0.1196982841719684,0.07024205291214275,-0.0004482240952573867,0.06846076536380624,0.0022139940307990083,0.0665222270849344,0,0,240,120,120,e90eda294b47248d,2239560825
B78,B,full_predeclared_inference,ok,-0.0014612173148759178,ok,-0.023479201527982052,0.014963972431077666,-0.001095101683029353,0.058525829374613175,-0.004891869441127318,0.05932814007036047,0,0,239,120,119,e90eda294b47248d,77112950
C82,C,full_predeclared_inference,ok,-0.11629629629629629,ok,-0.1316203703703704,0.018179235518496817,-0.002088008033563588,0.07951791737167903,0.0023346761664279265,0.07763326510416613,0,0,240,120,120,e90eda294b47248d,4175038021
A3,A,full_predeclared_inference,ok,-0.007936507936507964,ok,-0.009994337627716565,0.06746157019754834,-0.001950455756469757,0.04646438856001184,-0.0007457425405109928,0.04811911645066587,0,0,240,120,120,e90eda294b47248d,4173700843
A15,A,full_predeclared_inference,ok,0.03737183868762817,ok,0.03643198906356798,-0.04243493989963826,-0.0022987188186415833,0.060520508094102636,-0.001005326768903385,0.061264747629152204,0,0,240,120,120,e90eda294b47248d,4014876205
A19,A,full_predeclared_inference,ok,-0.03207831543556078,ok,-0.019946596524788807,0.02795330018312231,-0.0023349118039138494,0.04400246911364211,0.00037925426053724844,0.043070638892702365,0,0,240,120,120,e90eda294b47248d,459324907
A23,A,full_predeclared_inference,ok,-0.03935421994884908,ok,-0.020748081841432175,0.11104582843713279,-0.0014758629563873282,0.0705398408905979,0.0006757885399970211,0.06735967138251832,0,0,240,120,120,e90eda294b47248d,2088825366
A27,A,full_predeclared_inference,ok,-0.05665775401069523,ok,-0.05986631016042779,-0.031135531135531136,-0.0047813594493941935,0.08064737142008573,-0.0022877203313638726,0.08094264188260884,0,0,238,118,120,e90eda294b47248d,208683988
A31,A,full_predeclared_inference,ok,-0.049886872709172414,ok,-0.0824147397318129,-0.006431256431256471,-0.0017097591630767766,0.07344245759821508,-0.0042888236862025945,0.07411373625394997,0,0,238,119,119,e90eda294b47248d,566309351
A35,A,full_predeclared_inference,ok,0.045995370370370325,ok,0.04125000000000001,-0.03500000000000003,0.0002654083171317697,0.05072465495777597,-0.0024791669195891063,0.05246672214264833,0,0,240,120,120,e90eda294b47248d,1396379775
A43,A,full_predeclared_inference,ok,-0.01991125609456662,ok,0.10590515275877796,0.07081728712023966,-0.004915364626777646,0.07208725438374726,-0.000481190139658741,0.07436572910682895,0,0,239,120,119,e90eda294b47248d,3293623943
A51,A,full_predeclared_inference,ok,-0.026111736560653076,ok,0.12238601182099634,-0.09679716363342644,0.000995343785383945,0.06569478078188909,0.005415674238062664,0.06622950221006184,0,0,240,120,120,e90eda294b47248d,102196262
A55,A,full_predeclared_inference,ok,0.04114812591703343,ok,-0.025913698812858488,0.010638227513227516,-0.0016343784246758352,0.06413735980874417,-0.004225142142194718,0.06603335443064229,0,0,240,120,120,e90eda294b47248d,810676793
B63,B,full_predeclared_inference,ok,-0.18377855207123506,ok,-0.19861859008200475,-0.1180542820465798,0.0006910677033007497,0.07350929606396467,0.0015070386913609494,0.07692987224344651,0,0,238,118,120,e90eda294b47248d,3614800885
B67,B,full_predeclared_inference,ok,0.06994949494949498,ok,0.08011363636363644,0.008125000000000049,0.0020248332575530143,0.07676019381704068,0.00170631795941258,0.07535180454040365,0,0,239,119,120,e90eda294b47248d,1643660876
B79,B,full_predeclared_inference,ok,-0.07785853553428879,ok,-0.07804772941071358,0.021118927368927343,-0.0009251100087948114,0.04032436394641591,-0.0011118842695011053,0.04206183353410707,0,0,237,119,118,e90eda294b47248d,2152943504
C83,C,full_predeclared_inference,ok,0.05380098672781597,ok,0.056148684197464716,-0.08123947811447813,-0.00072900532664051,0.07004586370740587,-0.004190064905567778,0.06956816033870078,0,0,239,120,119,e90eda294b47248d,2108037234
C87,C,full_predeclared_inference,ok,0.0334900117508814,ok,0.04708746013093834,0.02748403358159457,-0.0026308208780674845,0.05249966476301059,-0.0024569128638779253,0.05270030227792337,0,0,238,120,118,e90eda294b47248d,1731278539
A4,A,full_predeclared_inference,ok,-0.05610137672090115,ok,-0.09704839382561531,0.022817435642333017,-0.0023773521276669292,0.08800668788058055,0.0008353749489508205,0.08776679709599103,0,0,239,120,119,e90eda294b47248d,3122482111
A8,A,full_predeclared_inference,ok,-0.035663758645974764,ok,-0.04010680002472061,0.09473031908052432,-0.0001779676782785149,0.08041998069747315,0.0012659376505254046,0.08082631083245012,0,0,240,120,120,e90eda294b47248d,3633953039
A12,A,full_predeclared_inference,ok,0.058918952196263086,ok,0.0632376027334011,-0.0842013888888889,-5.853854895376909e-05,0.08104957272897402,-0.0022628563709300798,0.08013310427925921,0,0,240,120,120,e90eda294b47248d,200359470
A16,A,full_predeclared_inference,ok,0.08290883034143628,ok,0.09037923399284115,-0.018661173134857434,-0.0024264693407012603,0.0790539344253663,-0.001172929967619397,0.07895297455895178,0,0,240,120,120,e90eda294b47248d,4121488061
A20,A,full_predeclared_inference,ok,-0.030143341722289163,ok,-0.041654447970237485,0.03189484126984132,-0.0030869246644946334,0.05840076496488672,-0.002410279017816048,0.06076671368632605,0,0,237,118,119,e90eda294b47248d,961813235
A40,A,full_predeclared_inference,ok,0.20961538461538465,ok,0.2175155925155925,0.0201409443269909,0.002914122379845996,0.08117900305418896,-0.005655158303781362,0.08191272770954376,0,0,232,116,116,e90eda294b47248d,2474472272
A44,A,full_predeclared_inference,ok,0.04771825396825391,ok,0.16706349206349208,0.021874999999999978,-0.0017518963058734836,0.07130835147152684,0.0032169741041060086,0.07227537914324157,0,0,240,120,120,e90eda294b47248d,1628543905
A48,A,full_predeclared_inference,ok,-0.03212619617224877,ok,0.010293062200956937,0.06483122627008323,-0.0012952962746708115,0.07048298753400639,-0.003057712869353547,0.07184182762046874,0,0,239,119,120,e90eda294b47248d,2307042149
A52,A,full_predeclared_inference,ok,0.08538237485605898,ok,0.07336054590059168,0.04240793878527013,0.000129145028986557,0.07199430923460362,0.0019554071791454985,0.06924179180857318,0,0,237,118,119,e90eda294b47248d,2027914410
A56,A,full_predeclared_inference,ok,-0.017261904761904645,ok,-0.2284461152882206,0.017354799684430766,-0.0027976759353930173,0.0713044339377948,-0.004428334351510022,0.07138315001731231,0,0,240,120,120,e90eda294b47248d,1999379127
A60,A,full_predeclared_inference,ok,0.02105573229645341,ok,0.013632614587015424,0.012214743191145266,0.00233990908681467,0.0713606002578916,0.007549352032041193,0.07116168154662425,0,0,240,120,120,e90eda294b47248d,1496910337
B64,B,full_predeclared_inference,ok,0.024063730755460144,ok,0.009455782312925182,-0.10120663650075412,-0.002404635876366947,0.07177458766342922,0.0013991289824763014,0.0727727575111816,0,0,238,119,119,e90eda294b47248d,2420474507
B68,B,full_predeclared_inference,ok,-0.15692239858906526,ok,-0.12967372134038802,-0.007523939808481511,-0.0015322764350476329,0.07751990161954679,-0.0014119519712998553,0.08264281415376797,0,0,239,119,120,e90eda294b47248d,3157903917
B80,B,full_predeclared_inference,ok,-0.04648526077097509,ok,-0.042611489040060485,0.059218559218559175,-0.004038433122385486,0.07496760008652877,-0.0002340504878412405,0.07428597444960193,0,0,240,120,120,e90eda294b47248d,1528283963
