architecture,fold,subject,n_test,n_train,n_validation,validation_subjects,test_subjects,runtime_seconds,device,input_representation,normalization_fit_scope,seed,epochs_completed,balanced_accuracy,auc,left_precision,left_recall,left_f1,right_precision,right_recall,right_f1
EEGNet,1,A13,240,14800,1680,B79;B80;B81;C83;C84;C85;C86,A13;A18;A22;A27;A31;A36;A40;A41;A46;A50;A55;A60;B62;B67;B72;B77;C82;C87,272.162718900001,cpu,"EOG-regressed 8-30Hz MI epoch, 64Hz downsampled",training_subjects_only,20260727,12,0.5541666666666667,0.6084375000000001,0.5311004784688995,0.925,0.6747720364741642,0.7096774193548387,0.18333333333333332,0.2913907284768212
EEGNet,1,A18,240,14800,1680,B79;B80;B81;C83;C84;C85;C86,A13;A18;A22;A27;A31;A36;A40;A41;A46;A50;A55;A60;B62;B67;B72;B77;C82;C87,272.17079100000046,cpu,"EOG-regressed 8-30Hz MI epoch, 64Hz downsampled",training_subjects_only,20260727,12,0.6,0.7029166666666666,0.5560747663551402,0.9916666666666667,0.7125748502994012,0.9615384615384616,0.20833333333333334,0.3424657534246575
EEGNet,1,A22,240,14800,1680,B79;B80;B81;C83;C84;C85;C86,A13;A18;A22;A27;A31;A36;A40;A41;A46;A50;A55;A60;B62;B67;B72;B77;C82;C87,272.17798330000005,cpu,"EOG-regressed 8-30Hz MI epoch, 64Hz downsampled",training_subjects_only,20260727,12,0.5083333333333333,0.4918402777777777,0.5042735042735043,0.9833333333333333,0.6666666666666666,0.6666666666666666,0.03333333333333333,0.06349206349206349
EEGNet,1,A27,240,14800,1680,B79;B80;B81;C83;C84;C85;C86,A13;A18;A22;A27;A31;A36;A40;A41;A46;A50;A55;A60;B62;B67;B72;B77;C82;C87,272.1862648000006,cpu,"EOG-regressed 8-30Hz MI epoch, 64Hz downsampled",training_subjects_only,20260727,12,0.5041666666666667,0.5121527777777778,0.5022421524663677,0.9333333333333333,0.6530612244897959,0.5294117647058824,0.075,0.13138686131386862
EEGNet,1,A31,240,14800,1680,B79;B80;B81;C83;C84;C85;C86,A13;A18;A22;A27;A31;A36;A40;A41;A46;A50;A55;A60;B62;B67;B72;B77;C82;C87,272.1941521000008,cpu,"EOG-regressed 8-30Hz MI epoch, 64Hz downsampled",training_subjects_only,20260727,12,0.5541666666666667,0.5644444444444445,0.5320197044334976,0.9,0.6687306501547987,0.6756756756756757,0.20833333333333334,0.3184713375796178
EEGNet,1,A36,240,14800,1680,B79;B80;B81;C83;C84;C85;C86,A13;A18;A22;A27;A31;A36;A40;A41;A46;A50;A55;A60;B62;B67;B72;B77;C82;C87,272.2026588000008,cpu,"EOG-regressed 8-30Hz MI epoch, 64Hz downsampled",training_subjects_only,20260727,12,0.49583333333333335,0.5348958333333333,0.49767441860465117,0.8916666666666667,0.6388059701492538,0.48,0.1,0.16551724137931034
EEGNet,1,A40,232,14800,1680,B79;B80;B81;C83;C84;C85;C86,A13;A18;A22;A27;A31;A36;A40;A41;A46;A50;A55;A60;B62;B67;B72;B77;C82;C87,272.2091797000012,cpu,"EOG-regressed 8-30Hz MI epoch, 64Hz downsampled",training_subjects_only,20260727,12,0.5042372881355932,0.4865447517097829,0.4935064935064935,1.0,0.6608695652173913,1.0,0.00847457627118644,0.01680672268907563
EEGNet,1,A41,240,14800,1680,B79;B80;B81;C83;C84;C85;C86,A13;A18;A22;A27;A31;A36;A40;A41;A46;A50;A55;A60;B62;B67;B72;B77;C82;C87,272.21705740000107,cpu,"EOG-regressed 8-30Hz MI epoch, 64Hz downsampled",training_subjects_only,20260727,12,0.5,0.6076041666666666,0.5,1.0,0.6666666666666666,0.0,0.0,0.0
EEGNet,1,A46,240,14800,1680,B79;B80;B81;C83;C84;C85;C86,A13;A18;A22;A27;A31;A36;A40;A41;A46;A50;A55;A60;B62;B67;B72;B77;C82;C87,272.2246059000008,cpu,"EOG-regressed 8-30Hz MI epoch, 64Hz downsampled",training_subjects_only,20260727,12,0.5166666666666667,0.5230555555555555,0.5102040816326531,0.8333333333333334,0.6329113924050633,0.5454545454545454,0.2,0.2926829268292683
EEGNet,1,A50,240,14800,1680,B79;B80;B81;C83;C84;C85;C86,A13;A18;A22;A27;A31;A36;A40;A41;A46;A50;A55;A60;B62;B67;B72;B77;C82;C87,272.23156709999967,cpu,"EOG-regressed 8-30Hz MI epoch, 64Hz downsampled",training_subjects_only,20260727,12,0.55,0.57875,0.5297029702970297,0.8916666666666667,0.6645962732919255,0.6578947368421053,0.20833333333333334,0.31645569620253167
EEGNet,1,A55,240,14800,1680,B79;B80;B81;C83;C84;C85;C86,A13;A18;A22;A27;A31;A36;A40;A41;A46;A50;A55;A60;B62;B67;B72;B77;C82;C87,272.23914689999947,cpu,"EOG-regressed 8-30Hz MI epoch, 64Hz downsampled",training_subjects_only,20260727,12,0.6166666666666667,0.6986805555555555,0.5673076923076923,0.9833333333333333,0.7195121951219512,0.9375,0.25,0.39473684210526316
EEGNet,1,A60,240,14800,1680,B79;B80;B81;C83;C84;C85;C86,A13;A18;A22;A27;A31;A36;A40;A41;A46;A50;A55;A60;B62;B67;B72;B77;C82;C87,272.2469746000006,cpu,"EOG-regressed 8-30Hz MI epoch, 64Hz downsampled",training_subjects_only,20260727,12,0.5125,0.51625,0.5065502183406113,0.9666666666666667,0.664756446991404,0.6363636363636364,0.058333333333333334,0.10687022900763359
EEGNet,1,B62,240,14800,1680,B79;B80;B81;C83;C84;C85;C86,A13;A18;A22;A27;A31;A36;A40;A41;A46;A50;A55;A60;B62;B67;B72;B77;C82;C87,272.2530891000006,cpu,"EOG-regressed 8-30Hz MI epoch, 64Hz downsampled",training_subjects_only,20260727,12,0.5,0.43923611111111116,0.5,1.0,0.6666666666666666,0.0,0.0,0.0
EEGNet,1,B67,240,14800,1680,B79;B80;B81;C83;C84;C85;C86,A13;A18;A22;A27;A31;A36;A40;A41;A46;A50;A55;A60;B62;B67;B72;B77;C82;C87,272.261094200001,cpu,"EOG-regressed 8-30Hz MI epoch, 64Hz downsampled",training_subjects_only,20260727,12,0.5,0.5244097222222223,0.5,1.0,0.6666666666666666,0.0,0.0,0.0
EEGNet,1,B72,240,14800,1680,B79;B80;B81;C83;C84;C85;C86,A13;A18;A22;A27;A31;A36;A40;A41;A46;A50;A55;A60;B62;B67;B72;B77;C82;C87,272.2687442000006,cpu,"EOG-regressed 8-30Hz MI epoch, 64Hz downsampled",training_subjects_only,20260727,12,0.5,0.5045138888888889,0.5,1.0,0.6666666666666666,0.0,0.0,0.0
EEGNet,1,B77,240,14800,1680,B79;B80;B81;C83;C84;C85;C86,A13;A18;A22;A27;A31;A36;A40;A41;A46;A50;A55;A60;B62;B67;B72;B77;C82;C87,272.2754831000002,cpu,"EOG-regressed 8-30Hz MI epoch, 64Hz downsampled",training_subjects_only,20260727,12,0.5,0.5525347222222222,0.5,1.0,0.6666666666666666,0.0,0.0,0.0
EEGNet,1,C82,240,14800,1680,B79;B80;B81;C83;C84;C85;C86,A13;A18;A22;A27;A31;A36;A40;A41;A46;A50;A55;A60;B62;B67;B72;B77;C82;C87,272.2829007,cpu,"EOG-regressed 8-30Hz MI epoch, 64Hz downsampled",training_subjects_only,20260727,12,0.5,0.5157986111111111,0.5,1.0,0.6666666666666666,0.0,0.0,0.0
EEGNet,1,C87,240,14800,1680,B79;B80;B81;C83;C84;C85;C86,A13;A18;A22;A27;A31;A36;A40;A41;A46;A50;A55;A60;B62;B67;B72;B77;C82;C87,272.2901214000012,cpu,"EOG-regressed 8-30Hz MI epoch, 64Hz downsampled",training_subjects_only,20260727,12,0.5,0.49145833333333333,0.5,1.0,0.6666666666666666,0.0,0.0,0.0
EEGNet,2,A12,240,14872,1680,B79;B80;C82;C83;C84;C85;C87,A12;A17;A21;A26;A30;A35;A4;A45;A5;A54;A59;A6;B61;B66;B71;B76;B81;C86,272.6885562999996,cpu,"EOG-regressed 8-30Hz MI epoch, 64Hz downsampled",training_subjects_only,20260727,12,0.5,0.5152777777777778,0.5,0.3333333333333333,0.4,0.5,0.6666666666666666,0.5714285714285714
EEGNet,2,A17,240,14872,1680,B79;B80;C82;C83;C84;C85;C87,A12;A17;A21;A26;A30;A35;A4;A45;A5;A54;A59;A6;B61;B66;B71;B76;B81;C86,272.6969780999989,cpu,"EOG-regressed 8-30Hz MI epoch, 64Hz downsampled",training_subjects_only,20260727,12,0.5,0.47395833333333337,0.0,0.0,0.0,0.5,1.0,0.6666666666666666
EEGNet,2,A21,240,14872,1680,B79;B80;C82;C83;C84;C85;C87,A12;A17;A21;A26;A30;A35;A4;A45;A5;A54;A59;A6;B61;B66;B71;B76;B81;C86,272.7051290999989,cpu,"EOG-regressed 8-30Hz MI epoch, 64Hz downsampled",training_subjects_only,20260727,12,0.5041666666666667,0.5168402777777777,0.5076923076923077,0.275,0.3567567567567568,0.5028571428571429,0.7333333333333333,0.5966101694915255
EEGNet,2,A26,240,14872,1680,B79;B80;C82;C83;C84;C85;C87,A12;A17;A21;A26;A30;A35;A4;A45;A5;A54;A59;A6;B61;B66;B71;B76;B81;C86,272.71333740000046,cpu,"EOG-regressed 8-30Hz MI epoch, 64Hz downsampled",training_subjects_only,20260727,12,0.5541666666666667,0.5933333333333334,0.6274509803921569,0.26666666666666666,0.3742690058479532,0.5343915343915344,0.8416666666666667,0.6537216828478964
EEGNet,2,A30,240,14872,1680,B79;B80;C82;C83;C84;C85;C87,A12;A17;A21;A26;A30;A35;A4;A45;A5;A54;A59;A6;B61;B66;B71;B76;B81;C86,272.71971829999893,cpu,"EOG-regressed 8-30Hz MI epoch, 64Hz downsampled",training_subjects_only,20260727,12,0.5041666666666667,0.49565972222222227,0.5106382978723404,0.2,0.2874251497005988,0.5025906735751295,0.8083333333333333,0.6198083067092651
EEGNet,2,A35,240,14872,1680,B79;B80;C82;C83;C84;C85;C87,A12;A17;A21;A26;A30;A35;A4;A45;A5;A54;A59;A6;B61;B66;B71;B76;B81;C86,272.72765059999983,cpu,"EOG-regressed 8-30Hz MI epoch, 64Hz downsampled",training_subjects_only,20260727,12,0.5875,0.704548611111111,0.8181818181818182,0.225,0.35294117647058826,0.5507246376811594,0.95,0.6972477064220184
EEGNet,2,A4,240,14872,1680,B79;B80;C82;C83;C84;C85;C87,A12;A17;A21;A26;A30;A35;A4;A45;A5;A54;A59;A6;B61;B66;B71;B76;B81;C86,272.7351467999997,cpu,"EOG-regressed 8-30Hz MI epoch, 64Hz downsampled",training_subjects_only,20260727,12,0.5166666666666666,0.5315972222222223,0.5277777777777778,0.31666666666666665,0.3958333333333333,0.5119047619047619,0.7166666666666667,0.5972222222222222
EEGNet,2,A45,240,14872,1680,B79;B80;C82;C83;C84;C85;C87,A12;A17;A21;A26;A30;A35;A4;A45;A5;A54;A59;A6;B61;B66;B71;B76;B81;C86,272.74228550000043,cpu,"EOG-regressed 8-30Hz MI epoch, 64Hz downsampled",training_subjects_only,20260727,12,0.49583333333333335,0.4913194444444445,0.48717948717948717,0.15833333333333333,0.2389937106918239,0.4975124378109453,0.8333333333333334,0.6230529595015576
EEGNet,2,A5,240,14872,1680,B79;B80;C82;C83;C84;C85;C87,A12;A17;A21;A26;A30;A35;A4;A45;A5;A54;A59;A6;B61;B66;B71;B76;B81;C86,272.74948159999985,cpu,"EOG-regressed 8-30Hz MI epoch, 64Hz downsampled",training_subjects_only,20260727,12,0.5041666666666667,0.4993055555555555,0.5064935064935064,0.325,0.39593908629441626,0.5030674846625767,0.6833333333333333,0.5795053003533569
EEGNet,2,A54,240,14872,1680,B79;B80;C82;C83;C84;C85;C87,A12;A17;A21;A26;A30;A35;A4;A45;A5;A54;A59;A6;B61;B66;B71;B76;B81;C86,272.7571394000006,cpu,"EOG-regressed 8-30Hz MI epoch, 64Hz downsampled",training_subjects_only,20260727,12,0.5458333333333334,0.5834027777777777,0.6571428571428571,0.19166666666666668,0.2967741935483871,0.526829268292683,0.9,0.6646153846153846
EEGNet,2,A59,160,14872,1680,B79;B80;C82;C83;C84;C85;C87,A12;A17;A21;A26;A30;A35;A4;A45;A5;A54;A59;A6;B61;B66;B71;B76;B81;C86,272.7637596000004,cpu,"EOG-regressed 8-30Hz MI epoch, 64Hz downsampled",training_subjects_only,20260727,12,0.5437500000000001,0.59921875,0.6206896551724138,0.225,0.3302752293577982,0.5267175572519084,0.8625,0.6540284360189573
EEGNet,2,A6,240,14872,1680,B79;B80;C82;C83;C84;C85;C87,A12;A17;A21;A26;A30;A35;A4;A45;A5;A54;A59;A6;B61;B66;B71;B76;B81;C86,272.7713155000001,cpu,"EOG-regressed 8-30Hz MI epoch, 64Hz downsampled",training_subjects_only,20260727,12,0.5541666666666667,0.5905208333333333,0.6666666666666666,0.21666666666666667,0.3270440251572327,0.5323383084577115,0.8916666666666667,0.6666666666666666
EEGNet,2,B61,240,14872,1680,B79;B80;C82;C83;C84;C85;C87,A12;A17;A21;A26;A30;A35;A4;A45;A5;A54;A59;A6;B61;B66;B71;B76;B81;C86,272.7798296000001,cpu,"EOG-regressed 8-30Hz MI epoch, 64Hz downsampled",training_subjects_only,20260727,12,0.5,0.4568055555555555,0.0,0.0,0.0,0.5,1.0,0.6666666666666666
EEGNet,2,B66,240,14872,1680,B79;B80;C82;C83;C84;C85;C87,A12;A17;A21;A26;A30;A35;A4;A45;A5;A54;A59;A6;B61;B66;B71;B76;B81;C86,272.7860065999994,cpu,"EOG-regressed 8-30Hz MI epoch, 64Hz downsampled",training_subjects_only,20260727,12,0.5,0.5386458333333334,0.0,0.0,0.0,0.5,1.0,0.6666666666666666
EEGNet,2,B71,240,14872,1680,B79;B80;C82;C83;C84;C85;C87,A12;A17;A21;A26;A30;A35;A4;A45;A5;A54;A59;A6;B61;B66;B71;B76;B81;C86,272.7940622999995,cpu,"EOG-regressed 8-30Hz MI epoch, 64Hz downsampled",training_subjects_only,20260727,12,0.5,0.4605208333333334,0.0,0.0,0.0,0.5,1.0,0.6666666666666666
EEGNet,2,B76,240,14872,1680,B79;B80;C82;C83;C84;C85;C87,A12;A17;A21;A26;A30;A35;A4;A45;A5;A54;A59;A6;B61;B66;B71;B76;B81;C86,272.80133770000066,cpu,"EOG-regressed 8-30Hz MI epoch, 64Hz downsampled",training_subjects_only,20260727,12,0.5,0.5347222222222222,0.0,0.0,0.0,0.5,1.0,0.6666666666666666
EEGNet,2,B81,240,14872,1680,B79;B80;C82;C83;C84;C85;C87,A12;A17;A21;A26;A30;A35;A4;A45;A5;A54;A59;A6;B61;B66;B71;B76;B81;C86,272.80742889999965,cpu,"EOG-regressed 8-30Hz MI epoch, 64Hz downsampled",training_subjects_only,20260727,12,0.5,0.5198263888888889,0.0,0.0,0.0,0.5,1.0,0.6666666666666666
EEGNet,2,C86,240,14872,1680,B79;B80;C82;C83;C84;C85;C87,A12;A17;A21;A26;A30;A35;A4;A45;A5;A54;A59;A6;B61;B66;B71;B76;B81;C86,272.81505560000005,cpu,"EOG-regressed 8-30Hz MI epoch, 64Hz downsampled",training_subjects_only,20260727,12,0.5,0.5293749999999999,0.0,0.0,0.0,0.5,1.0,0.6666666666666666
EEGNet,3,A11,240,15032,1680,B79;B81;C82;C83;C84;C86;C87,A11;A16;A20;A25;A3;A34;A39;A44;A49;A53;A58;A9;B65;B70;B75;B80;C85,283.40757610000037,cpu,"EOG-regressed 8-30Hz MI epoch, 64Hz downsampled",training_subjects_only,20260727,12,0.49166666666666664,0.4971527777777778,0.46875,0.125,0.19736842105263158,0.4951923076923077,0.8583333333333333,0.6280487804878049
EEGNet,3,A16,240,15032,1680,B79;B81;C82;C83;C84;C86;C87,A11;A16;A20;A25;A3;A34;A39;A44;A49;A53;A58;A9;B65;B70;B75;B80;C85,283.41405250000025,cpu,"EOG-regressed 8-30Hz MI epoch, 64Hz downsampled",training_subjects_only,20260727,12,0.4666666666666667,0.4556597222222223,0.40476190476190477,0.14166666666666666,0.20987654320987653,0.4797979797979798,0.7916666666666666,0.5974842767295597
EEGNet,3,A20,240,15032,1680,B79;B81;C82;C83;C84;C86;C87,A11;A16;A20;A25;A3;A34;A39;A44;A49;A53;A58;A9;B65;B70;B75;B80;C85,283.41975060000004,cpu,"EOG-regressed 8-30Hz MI epoch, 64Hz downsampled",training_subjects_only,20260727,12,0.6,0.6869444444444445,0.9,0.225,0.36,0.5571428571428572,0.975,0.7090909090909091
EEGNet,3,A25,240,15032,1680,B79;B81;C82;C83;C84;C86;C87,A11;A16;A20;A25;A3;A34;A39;A44;A49;A53;A58;A9;B65;B70;B75;B80;C85,283.4262552,cpu,"EOG-regressed 8-30Hz MI epoch, 64Hz downsampled",training_subjects_only,20260727,12,0.5875,0.6503125,0.6981132075471698,0.30833333333333335,0.4277456647398844,0.5561497326203209,0.8666666666666667,0.6775244299674267
EEGNet,3,A3,240,15032,1680,B79;B81;C82;C83;C84;C86;C87,A11;A16;A20;A25;A3;A34;A39;A44;A49;A53;A58;A9;B65;B70;B75;B80;C85,283.433139499999,cpu,"EOG-regressed 8-30Hz MI epoch, 64Hz downsampled",training_subjects_only,20260727,12,0.5125,0.5183680555555555,0.5306122448979592,0.21666666666666667,0.3076923076923077,0.5078534031413613,0.8083333333333333,0.6237942122186495
EEGNet,3,A34,240,15032,1680,B79;B81;C82;C83;C84;C86;C87,A11;A16;A20;A25;A3;A34;A39;A44;A49;A53;A58;A9;B65;B70;B75;B80;C85,283.43921670000054,cpu,"EOG-regressed 8-30Hz MI epoch, 64Hz downsampled",training_subjects_only,20260727,12,0.4708333333333334,0.4522916666666667,0.18181818181818182,0.016666666666666666,0.030534351145038167,0.4847161572052402,0.925,0.6361031518624641
EEGNet,3,A39,240,15032,1680,B79;B81;C82;C83;C84;C86;C87,A11;A16;A20;A25;A3;A34;A39;A44;A49;A53;A58;A9;B65;B70;B75;B80;C85,283.44621519999964,cpu,"EOG-regressed 8-30Hz MI epoch, 64Hz downsampled",training_subjects_only,20260727,12,0.5875,0.7253472222222223,0.7837837837837838,0.24166666666666667,0.36942675159235666,0.5517241379310345,0.9333333333333333,0.6934984520123839
EEGNet,3,A44,240,15032,1680,B79;B81;C82;C83;C84;C86;C87,A11;A16;A20;A25;A3;A34;A39;A44;A49;A53;A58;A9;B65;B70;B75;B80;C85,283.4519087999997,cpu,"EOG-regressed 8-30Hz MI epoch, 64Hz downsampled",training_subjects_only,20260727,12,0.5583333333333333,0.6033333333333333,0.6842105263157895,0.21666666666666667,0.3291139240506329,0.5346534653465347,0.9,0.6708074534161491
EEGNet,3,A49,240,15032,1680,B79;B81;C82;C83;C84;C86;C87,A11;A16;A20;A25;A3;A34;A39;A44;A49;A53;A58;A9;B65;B70;B75;B80;C85,283.45872509999936,cpu,"EOG-regressed 8-30Hz MI epoch, 64Hz downsampled",training_subjects_only,20260727,12,0.575,0.6248611111111111,0.68,0.2833333333333333,0.4,0.5473684210526316,0.8666666666666667,0.6709677419354839
EEGNet,3,A53,240,15032,1680,B79;B81;C82;C83;C84;C86;C87,A11;A16;A20;A25;A3;A34;A39;A44;A49;A53;A58;A9;B65;B70;B75;B80;C85,283.4647449999993,cpu,"EOG-regressed 8-30Hz MI epoch, 64Hz downsampled",training_subjects_only,20260727,12,0.5125,0.5177777777777778,0.6666666666666666,0.05,0.09302325581395349,0.5064935064935064,0.975,0.6666666666666666
EEGNet,3,A58,240,15032,1680,B79;B81;C82;C83;C84;C86;C87,A11;A16;A20;A25;A3;A34;A39;A44;A49;A53;A58;A9;B65;B70;B75;B80;C85,283.47162039999967,cpu,"EOG-regressed 8-30Hz MI epoch, 64Hz downsampled",training_subjects_only,20260727,12,0.5,0.5076388888888889,0.5,0.09166666666666666,0.15492957746478872,0.5,0.9083333333333333,0.6449704142011834
EEGNet,3,A9,240,15032,1680,B79;B81;C82;C83;C84;C86;C87,A11;A16;A20;A25;A3;A34;A39;A44;A49;A53;A58;A9;B65;B70;B75;B80;C85,283.47847809999985,cpu,"EOG-regressed 8-30Hz MI epoch, 64Hz downsampled",training_subjects_only,20260727,12,0.49583333333333335,0.50375,0.4897959183673469,0.2,0.28402366863905326,0.4973821989528796,0.7916666666666666,0.6109324758842444
EEGNet,3,B65,240,15032,1680,B79;B81;C82;C83;C84;C86;C87,A11;A16;A20;A25;A3;A34;A39;A44;A49;A53;A58;A9;B65;B70;B75;B80;C85,283.48563189999913,cpu,"EOG-regressed 8-30Hz MI epoch, 64Hz downsampled",training_subjects_only,20260727,12,0.5,0.49121527777777774,0.0,0.0,0.0,0.5,1.0,0.6666666666666666
EEGNet,3,B70,240,15032,1680,B79;B81;C82;C83;C84;C86;C87,A11;A16;A20;A25;A3;A34;A39;A44;A49;A53;A58;A9;B65;B70;B75;B80;C85,283.4933605999995,cpu,"EOG-regressed 8-30Hz MI epoch, 64Hz downsampled",training_subjects_only,20260727,12,0.5,0.49809027777777776,0.0,0.0,0.0,0.5,1.0,0.6666666666666666
EEGNet,3,B75,240,15032,1680,B79;B81;C82;C83;C84;C86;C87,A11;A16;A20;A25;A3;A34;A39;A44;A49;A53;A58;A9;B65;B70;B75;B80;C85,283.5010648999996,cpu,"EOG-regressed 8-30Hz MI epoch, 64Hz downsampled",training_subjects_only,20260727,12,0.5,0.47354166666666664,0.0,0.0,0.0,0.5,1.0,0.6666666666666666
EEGNet,3,B80,240,15032,1680,B79;B81;C82;C83;C84;C86;C87,A11;A16;A20;A25;A3;A34;A39;A44;A49;A53;A58;A9;B65;B70;B75;B80;C85,283.50692809999964,cpu,"EOG-regressed 8-30Hz MI epoch, 64Hz downsampled",training_subjects_only,20260727,12,0.5,0.5303125,0.0,0.0,0.0,0.5,1.0,0.6666666666666666
EEGNet,3,C85,240,15032,1680,B79;B81;C82;C83;C84;C86;C87,A11;A16;A20;A25;A3;A34;A39;A44;A49;A53;A58;A9;B65;B70;B75;B80;C85,283.5142142000004,cpu,"EOG-regressed 8-30Hz MI epoch, 64Hz downsampled",training_subjects_only,20260727,12,0.55,0.6004861111111112,1.0,0.1,0.18181818181818182,0.5263157894736842,1.0,0.6896551724137931
EEGNet,4,A10,240,15032,1680,B80;B81;C82;C83;C85;C86;C87,A10;A15;A2;A24;A29;A33;A38;A43;A48;A52;A57;A8;B64;B69;B74;B79;C84,277.70947330000126,cpu,"EOG-regressed 8-30Hz MI epoch, 64Hz downsampled",training_subjects_only,20260727,12,0.5875,0.6925694444444445,0.5502392344497608,0.9583333333333334,0.6990881458966566,0.8387096774193549,0.21666666666666667,0.3443708609271523
EEGNet,4,A15,240,15032,1680,B80;B81;C82;C83;C85;C86;C87,A10;A15;A2;A24;A29;A33;A38;A43;A48;A52;A57;A8;B64;B69;B74;B79;C84,277.7169823000004,cpu,"EOG-regressed 8-30Hz MI epoch, 64Hz downsampled",training_subjects_only,20260727,12,0.5916666666666667,0.6646180555555555,0.555,0.925,0.69375,0.775,0.25833333333333336,0.3875
EEGNet,4,A2,240,15032,1680,B80;B81;C82;C83;C85;C86;C87,A10;A15;A2;A24;A29;A33;A38;A43;A48;A52;A57;A8;B64;B69;B74;B79;C84,277.72334520000004,cpu,"EOG-regressed 8-30Hz MI epoch, 64Hz downsampled",training_subjects_only,20260727,12,0.55,0.6180208333333332,0.53125,0.85,0.6538461538461539,0.625,0.25,0.35714285714285715
EEGNet,4,A24,240,15032,1680,B80;B81;C82;C83;C85;C86;C87,A10;A15;A2;A24;A29;A33;A38;A43;A48;A52;A57;A8;B64;B69;B74;B79;C84,277.7305483,cpu,"EOG-regressed 8-30Hz MI epoch, 64Hz downsampled",training_subjects_only,20260727,12,0.5875,0.6714583333333333,0.5488372093023256,0.9833333333333333,0.7044776119402985,0.92,0.19166666666666668,0.31724137931034485
EEGNet,4,A29,240,15032,1680,B80;B81;C82;C83;C85;C86;C87,A10;A15;A2;A24;A29;A33;A38;A43;A48;A52;A57;A8;B64;B69;B74;B79;C84,277.7371941000001,cpu,"EOG-regressed 8-30Hz MI epoch, 64Hz downsampled",training_subjects_only,20260727,12,0.5208333333333334,0.5313194444444443,0.5107296137339056,0.9916666666666667,0.6742209631728046,0.8571428571428571,0.05,0.09448818897637795
EEGNet,4,A33,240,15032,1680,B80;B81;C82;C83;C85;C86;C87,A10;A15;A2;A24;A29;A33;A38;A43;A48;A52;A57;A8;B64;B69;B74;B79;C84,277.7428952999999,cpu,"EOG-regressed 8-30Hz MI epoch, 64Hz downsampled",training_subjects_only,20260727,12,0.525,0.6123263888888889,0.5132743362831859,0.9666666666666667,0.6705202312138728,0.7142857142857143,0.08333333333333333,0.14925373134328357
EEGNet,4,A38,240,15032,1680,B80;B81;C82;C83;C85;C86;C87,A10;A15;A2;A24;A29;A33;A38;A43;A48;A52;A57;A8;B64;B69;B74;B79;C84,277.75049039999976,cpu,"EOG-regressed 8-30Hz MI epoch, 64Hz downsampled",training_subjects_only,20260727,12,0.5333333333333333,0.5284375,0.5229885057471264,0.7583333333333333,0.6190476190476191,0.5606060606060606,0.30833333333333335,0.3978494623655914
EEGNet,4,A43,240,15032,1680,B80;B81;C82;C83;C85;C86;C87,A10;A15;A2;A24;A29;A33;A38;A43;A48;A52;A57;A8;B64;B69;B74;B79;C84,277.7569017000005,cpu,"EOG-regressed 8-30Hz MI epoch, 64Hz downsampled",training_subjects_only,20260727,12,0.5,0.4938888888888889,0.5,0.775,0.6078431372549019,0.5,0.225,0.3103448275862069
EEGNet,4,A48,240,15032,1680,B80;B81;C82;C83;C85;C86;C87,A10;A15;A2;A24;A29;A33;A38;A43;A48;A52;A57;A8;B64;B69;B74;B79;C84,277.7636128000013,cpu,"EOG-regressed 8-30Hz MI epoch, 64Hz downsampled",training_subjects_only,20260727,12,0.525,0.5520138888888889,0.5132743362831859,0.9666666666666667,0.6705202312138728,0.7142857142857143,0.08333333333333333,0.14925373134328357
EEGNet,4,A52,240,15032,1680,B80;B81;C82;C83;C85;C86;C87,A10;A15;A2;A24;A29;A33;A38;A43;A48;A52;A57;A8;B64;B69;B74;B79;C84,277.7712222000009,cpu,"EOG-regressed 8-30Hz MI epoch, 64Hz downsampled",training_subjects_only,20260727,12,0.5708333333333333,0.6268055555555555,0.5384615384615384,0.9916666666666667,0.6979472140762464,0.9473684210526315,0.15,0.2589928057553957
EEGNet,4,A57,240,15032,1680,B80;B81;C82;C83;C85;C86;C87,A10;A15;A2;A24;A29;A33;A38;A43;A48;A52;A57;A8;B64;B69;B74;B79;C84,277.77864370000134,cpu,"EOG-regressed 8-30Hz MI epoch, 64Hz downsampled",training_subjects_only,20260727,12,0.525,0.5459027777777777,0.5144230769230769,0.8916666666666667,0.6524390243902439,0.59375,0.15833333333333333,0.25
EEGNet,4,A8,240,15032,1680,B80;B81;C82;C83;C85;C86;C87,A10;A15;A2;A24;A29;A33;A38;A43;A48;A52;A57;A8;B64;B69;B74;B79;C84,277.7859612000011,cpu,"EOG-regressed 8-30Hz MI epoch, 64Hz downsampled",training_subjects_only,20260727,12,0.525,0.5290277777777778,0.5163043478260869,0.7916666666666666,0.625,0.5535714285714286,0.25833333333333336,0.3522727272727273
EEGNet,4,B64,240,15032,1680,B80;B81;C82;C83;C85;C86;C87,A10;A15;A2;A24;A29;A33;A38;A43;A48;A52;A57;A8;B64;B69;B74;B79;C84,277.79284259999986,cpu,"EOG-regressed 8-30Hz MI epoch, 64Hz downsampled",training_subjects_only,20260727,12,0.5,0.4678125,0.5,1.0,0.6666666666666666,0.0,0.0,0.0
EEGNet,4,B69,240,15032,1680,B80;B81;C82;C83;C85;C86;C87,A10;A15;A2;A24;A29;A33;A38;A43;A48;A52;A57;A8;B64;B69;B74;B79;C84,277.79892160000054,cpu,"EOG-regressed 8-30Hz MI epoch, 64Hz downsampled",training_subjects_only,20260727,12,0.5,0.4790972222222223,0.5,1.0,0.6666666666666666,0.0,0.0,0.0
EEGNet,4,B74,240,15032,1680,B80;B81;C82;C83;C85;C86;C87,A10;A15;A2;A24;A29;A33;A38;A43;A48;A52;A57;A8;B64;B69;B74;B79;C84,277.8060215000005,cpu,"EOG-regressed 8-30Hz MI epoch, 64Hz downsampled",training_subjects_only,20260727,12,0.5,0.47357638888888887,0.5,1.0,0.6666666666666666,0.0,0.0,0.0
EEGNet,4,B79,240,15032,1680,B80;B81;C82;C83;C85;C86;C87,A10;A15;A2;A24;A29;A33;A38;A43;A48;A52;A57;A8;B64;B69;B74;B79;C84,277.81314810000003,cpu,"EOG-regressed 8-30Hz MI epoch, 64Hz downsampled",training_subjects_only,20260727,12,0.5,0.5282291666666667,0.5,1.0,0.6666666666666666,0.0,0.0,0.0
EEGNet,4,C84,240,15032,1680,B80;B81;C82;C83;C85;C86;C87,A10;A15;A2;A24;A29;A33;A38;A43;A48;A52;A57;A8;B64;B69;B74;B79;C84,277.8191476000011,cpu,"EOG-regressed 8-30Hz MI epoch, 64Hz downsampled",training_subjects_only,20260727,12,0.5,0.5481597222222223,0.5,1.0,0.6666666666666666,0.0,0.0,0.0
EEGNet,5,A1,240,15032,1680,B80;B81;C82;C84;C85;C86;C87,A1;A14;A19;A23;A28;A32;A37;A42;A47;A51;A56;A7;B63;B68;B73;B78;C83,321.73095620000095,cpu,"EOG-regressed 8-30Hz MI epoch, 64Hz downsampled",training_subjects_only,20260727,12,0.5,0.49291666666666667,0.0,0.0,0.0,0.5,1.0,0.6666666666666666
EEGNet,5,A14,240,15032,1680,B80;B81;C82;C84;C85;C86;C87,A1;A14;A19;A23;A28;A32;A37;A42;A47;A51;A56;A7;B63;B68;B73;B78;C83,321.7379557999993,cpu,"EOG-regressed 8-30Hz MI epoch, 64Hz downsampled",training_subjects_only,20260727,12,0.48750000000000004,0.4882986111111111,0.47058823529411764,0.2,0.2807017543859649,0.49206349206349204,0.775,0.6019417475728155
EEGNet,5,A19,240,15032,1680,B80;B81;C82;C84;C85;C86;C87,A1;A14;A19;A23;A28;A32;A37;A42;A47;A51;A56;A7;B63;B68;B73;B78;C83,321.7457181000009,cpu,"EOG-regressed 8-30Hz MI epoch, 64Hz downsampled",training_subjects_only,20260727,12,0.6083333333333333,0.6593055555555555,0.8421052631578947,0.26666666666666666,0.4050632911392405,0.5643564356435643,0.95,0.7080745341614907
EEGNet,5,A23,240,15032,1680,B80;B81;C82;C84;C85;C86;C87,A1;A14;A19;A23;A28;A32;A37;A42;A47;A51;A56;A7;B63;B68;B73;B78;C83,321.754720500001,cpu,"EOG-regressed 8-30Hz MI epoch, 64Hz downsampled",training_subjects_only,20260727,12,0.5458333333333334,0.5954513888888889,0.6341463414634146,0.21666666666666667,0.32298136645962733,0.5276381909547738,0.875,0.658307210031348
EEGNet,5,A28,240,15032,1680,B80;B81;C82;C84;C85;C86;C87,A1;A14;A19;A23;A28;A32;A37;A42;A47;A51;A56;A7;B63;B68;B73;B78;C83,321.76332120000006,cpu,"EOG-regressed 8-30Hz MI epoch, 64Hz downsampled",training_subjects_only,20260727,12,0.5125,0.5282638888888889,0.52,0.325,0.4,0.509090909090909,0.7,0.5894736842105263
EEGNet,5,A32,240,15032,1680,B80;B81;C82;C84;C85;C86;C87,A1;A14;A19;A23;A28;A32;A37;A42;A47;A51;A56;A7;B63;B68;B73;B78;C83,321.7722986000008,cpu,"EOG-regressed 8-30Hz MI epoch, 64Hz downsampled",training_subjects_only,20260727,12,0.525,0.5311111111111111,0.5535714285714286,0.25833333333333336,0.3522727272727273,0.5163043478260869,0.7916666666666666,0.625
EEGNet,5,A37,240,15032,1680,B80;B81;C82;C84;C85;C86;C87,A1;A14;A19;A23;A28;A32;A37;A42;A47;A51;A56;A7;B63;B68;B73;B78;C83,321.7817546999995,cpu,"EOG-regressed 8-30Hz MI epoch, 64Hz downsampled",training_subjects_only,20260727,12,0.5791666666666667,0.6164930555555556,0.7209302325581395,0.25833333333333336,0.3803680981595092,0.5482233502538071,0.9,0.6813880126182965
EEGNet,5,A42,240,15032,1680,B80;B81;C82;C84;C85;C86;C87,A1;A14;A19;A23;A28;A32;A37;A42;A47;A51;A56;A7;B63;B68;B73;B78;C83,321.7910334999997,cpu,"EOG-regressed 8-30Hz MI epoch, 64Hz downsampled",training_subjects_only,20260727,12,0.49583333333333335,0.4949305555555556,0.4909090909090909,0.225,0.30857142857142855,0.4972972972972973,0.7666666666666667,0.6032786885245902
EEGNet,5,A47,240,15032,1680,B80;B81;C82;C84;C85;C86;C87,A1;A14;A19;A23;A28;A32;A37;A42;A47;A51;A56;A7;B63;B68;B73;B78;C83,321.80028309999943,cpu,"EOG-regressed 8-30Hz MI epoch, 64Hz downsampled",training_subjects_only,20260727,12,0.5,0.5039583333333333,0.5,0.325,0.3939393939393939,0.5,0.675,0.574468085106383
EEGNet,5,A51,240,15032,1680,B80;B81;C82;C84;C85;C86;C87,A1;A14;A19;A23;A28;A32;A37;A42;A47;A51;A56;A7;B63;B68;B73;B78;C83,321.8095763000001,cpu,"EOG-regressed 8-30Hz MI epoch, 64Hz downsampled",training_subjects_only,20260727,12,0.49583333333333335,0.522361111111111,0.4888888888888889,0.18333333333333332,0.26666666666666666,0.49743589743589745,0.8083333333333333,0.6158730158730159
EEGNet,5,A56,240,15032,1680,B80;B81;C82;C84;C85;C86;C87,A1;A14;A19;A23;A28;A32;A37;A42;A47;A51;A56;A7;B63;B68;B73;B78;C83,321.8184495000005,cpu,"EOG-regressed 8-30Hz MI epoch, 64Hz downsampled",training_subjects_only,20260727,12,0.5875,0.6499305555555556,0.6779661016949152,0.3333333333333333,0.44692737430167595,0.5580110497237569,0.8416666666666667,0.6710963455149501
EEGNet,5,A7,240,15032,1680,B80;B81;C82;C84;C85;C86;C87,A1;A14;A19;A23;A28;A32;A37;A42;A47;A51;A56;A7;B63;B68;B73;B78;C83,321.8286463000004,cpu,"EOG-regressed 8-30Hz MI epoch, 64Hz downsampled",training_subjects_only,20260727,12,0.525,0.4980555555555556,0.5625,0.225,0.32142857142857145,0.515625,0.825,0.6346153846153846
EEGNet,5,B63,240,15032,1680,B80;B81;C82;C84;C85;C86;C87,A1;A14;A19;A23;A28;A32;A37;A42;A47;A51;A56;A7;B63;B68;B73;B78;C83,321.83770300000106,cpu,"EOG-regressed 8-30Hz MI epoch, 64Hz downsampled",training_subjects_only,20260727,12,0.5,0.5473958333333332,0.0,0.0,0.0,0.5,1.0,0.6666666666666666
EEGNet,5,B68,240,15032,1680,B80;B81;C82;C84;C85;C86;C87,A1;A14;A19;A23;A28;A32;A37;A42;A47;A51;A56;A7;B63;B68;B73;B78;C83,321.84720109999944,cpu,"EOG-regressed 8-30Hz MI epoch, 64Hz downsampled",training_subjects_only,20260727,12,0.5,0.49461805555555555,0.0,0.0,0.0,0.5,1.0,0.6666666666666666
EEGNet,5,B73,240,15032,1680,B80;B81;C82;C84;C85;C86;C87,A1;A14;A19;A23;A28;A32;A37;A42;A47;A51;A56;A7;B63;B68;B73;B78;C83,321.85418089999985,cpu,"EOG-regressed 8-30Hz MI epoch, 64Hz downsampled",training_subjects_only,20260727,12,0.5,0.5221875,0.0,0.0,0.0,0.5,1.0,0.6666666666666666
EEGNet,5,B78,240,15032,1680,B80;B81;C82;C84;C85;C86;C87,A1;A14;A19;A23;A28;A32;A37;A42;A47;A51;A56;A7;B63;B68;B73;B78;C83,321.8614127000001,cpu,"EOG-regressed 8-30Hz MI epoch, 64Hz downsampled",training_subjects_only,20260727,12,0.5,0.49288194444444444,0.0,0.0,0.0,0.5,1.0,0.6666666666666666
EEGNet,5,C83,240,15032,1680,B80;B81;C82;C84;C85;C86;C87,A1;A14;A19;A23;A28;A32;A37;A42;A47;A51;A56;A7;B63;B68;B73;B78;C83,321.87022980000074,cpu,"EOG-regressed 8-30Hz MI epoch, 64Hz downsampled",training_subjects_only,20260727,12,0.5875,0.6503472222222221,0.7058823529411765,0.3,0.42105263157894735,0.5555555555555556,0.875,0.6796116504854369
ShallowConvNet,1,A13,240,14800,1680,B79;B80;B81;C83;C84;C85;C86,A13;A18;A22;A27;A31;A36;A40;A41;A46;A50;A55;A60;B62;B67;B72;B77;C82;C87,283.007831500001,cpu,"EOG-regressed 8-30Hz MI epoch, 64Hz downsampled",training_subjects_only,20260727,5,0.5166666666666667,0.5270486111111111,0.5384615384615384,0.23333333333333334,0.32558139534883723,0.5106382978723404,0.8,0.6233766233766234
ShallowConvNet,1,A18,240,14800,1680,B79;B80;B81;C83;C84;C85;C86,A13;A18;A22;A27;A31;A36;A40;A41;A46;A50;A55;A60;B62;B67;B72;B77;C82;C87,283.02342339999996,cpu,"EOG-regressed 8-30Hz MI epoch, 64Hz downsampled",training_subjects_only,20260727,5,0.55,0.5757986111111112,0.603448275862069,0.2916666666666667,0.39325842696629215,0.532967032967033,0.8083333333333333,0.6423841059602649
ShallowConvNet,1,A22,240,14800,1680,B79;B80;B81;C83;C84;C85;C86,A13;A18;A22;A27;A31;A36;A40;A41;A46;A50;A55;A60;B62;B67;B72;B77;C82;C87,283.0363857000011,cpu,"EOG-regressed 8-30Hz MI epoch, 64Hz downsampled",training_subjects_only,20260727,5,0.49583333333333335,0.5013194444444444,0.49333333333333335,0.30833333333333335,0.37948717948717947,0.49696969696969695,0.6833333333333333,0.5754385964912281
ShallowConvNet,1,A27,240,14800,1680,B79;B80;B81;C83;C84;C85;C86,A13;A18;A22;A27;A31;A36;A40;A41;A46;A50;A55;A60;B62;B67;B72;B77;C82;C87,283.0456651000004,cpu,"EOG-regressed 8-30Hz MI epoch, 64Hz downsampled",training_subjects_only,20260727,5,0.49583333333333335,0.5169791666666667,0.4931506849315068,0.3,0.37305699481865284,0.49700598802395207,0.6916666666666667,0.578397212543554
ShallowConvNet,1,A31,240,14800,1680,B79;B80;B81;C83;C84;C85;C86,A13;A18;A22;A27;A31;A36;A40;A41;A46;A50;A55;A60;B62;B67;B72;B77;C82;C87,283.05634570000075,cpu,"EOG-regressed 8-30Hz MI epoch, 64Hz downsampled",training_subjects_only,20260727,5,0.5166666666666666,0.5327777777777778,0.5263157894736842,0.3333333333333333,0.40816326530612246,0.5121951219512195,0.7,0.5915492957746479
ShallowConvNet,1,A36,240,14800,1680,B79;B80;B81;C83;C84;C85;C86,A13;A18;A22;A27;A31;A36;A40;A41;A46;A50;A55;A60;B62;B67;B72;B77;C82;C87,283.0694029999995,cpu,"EOG-regressed 8-30Hz MI epoch, 64Hz downsampled",training_subjects_only,20260727,5,0.5041666666666667,0.5331944444444444,0.5087719298245614,0.24166666666666667,0.327683615819209,0.5027322404371585,0.7666666666666667,0.6072607260726073
ShallowConvNet,1,A40,232,14800,1680,B79;B80;B81;C83;C84;C85;C86,A13;A18;A22;A27;A31;A36;A40;A41;A46;A50;A55;A60;B62;B67;B72;B77;C82;C87,283.0794211000011,cpu,"EOG-regressed 8-30Hz MI epoch, 64Hz downsampled",training_subjects_only,20260727,5,0.47918525126375255,0.5115967885816235,0.45588235294117646,0.2719298245614035,0.34065934065934067,0.49390243902439024,0.6864406779661016,0.574468085106383
ShallowConvNet,1,A41,240,14800,1680,B79;B80;B81;C83;C84;C85;C86,A13;A18;A22;A27;A31;A36;A40;A41;A46;A50;A55;A60;B62;B67;B72;B77;C82;C87,283.0905586000008,cpu,"EOG-regressed 8-30Hz MI epoch, 64Hz downsampled",training_subjects_only,20260727,5,0.5,0.578298611111111,0.0,0.0,0.0,0.5,1.0,0.6666666666666666
ShallowConvNet,1,A46,240,14800,1680,B79;B80;B81;C83;C84;C85;C86,A13;A18;A22;A27;A31;A36;A40;A41;A46;A50;A55;A60;B62;B67;B72;B77;C82;C87,283.10076599999957,cpu,"EOG-regressed 8-30Hz MI epoch, 64Hz downsampled",training_subjects_only,20260727,5,0.525,0.49868055555555557,0.5483870967741935,0.2833333333333333,0.37362637362637363,0.5168539325842697,0.7666666666666667,0.6174496644295302
ShallowConvNet,1,A50,240,14800,1680,B79;B80;B81;C83;C84;C85;C86,A13;A18;A22;A27;A31;A36;A40;A41;A46;A50;A55;A60;B62;B67;B72;B77;C82;C87,283.11061340000015,cpu,"EOG-regressed 8-30Hz MI epoch, 64Hz downsampled",training_subjects_only,20260727,5,0.5083333333333333,0.5013194444444444,0.5135135135135135,0.31666666666666665,0.3917525773195876,0.5060240963855421,0.7,0.5874125874125874
ShallowConvNet,1,A55,240,14800,1680,B79;B80;B81;C83;C84;C85;C86,A13;A18;A22;A27;A31;A36;A40;A41;A46;A50;A55;A60;B62;B67;B72;B77;C82;C87,283.11997019999944,cpu,"EOG-regressed 8-30Hz MI epoch, 64Hz downsampled",training_subjects_only,20260727,5,0.5291666666666667,0.5217361111111112,0.5492957746478874,0.325,0.4083769633507853,0.5207100591715976,0.7333333333333333,0.6089965397923875
ShallowConvNet,1,A60,240,14800,1680,B79;B80;B81;C83;C84;C85;C86,A13;A18;A22;A27;A31;A36;A40;A41;A46;A50;A55;A60;B62;B67;B72;B77;C82;C87,283.1291129000001,cpu,"EOG-regressed 8-30Hz MI epoch, 64Hz downsampled",training_subjects_only,20260727,5,0.5041666666666667,0.49326388888888884,0.5072463768115942,0.2916666666666667,0.37037037037037035,0.5029239766081871,0.7166666666666667,0.5910652920962199
ShallowConvNet,1,B62,240,14800,1680,B79;B80;B81;C83;C84;C85;C86,A13;A18;A22;A27;A31;A36;A40;A41;A46;A50;A55;A60;B62;B67;B72;B77;C82;C87,283.1376280000004,cpu,"EOG-regressed 8-30Hz MI epoch, 64Hz downsampled",training_subjects_only,20260727,5,0.5,0.5623958333333333,0.0,0.0,0.0,0.5,1.0,0.6666666666666666
ShallowConvNet,1,B67,240,14800,1680,B79;B80;B81;C83;C84;C85;C86,A13;A18;A22;A27;A31;A36;A40;A41;A46;A50;A55;A60;B62;B67;B72;B77;C82;C87,283.1465640000006,cpu,"EOG-regressed 8-30Hz MI epoch, 64Hz downsampled",training_subjects_only,20260727,5,0.5,0.5144444444444445,0.0,0.0,0.0,0.5,1.0,0.6666666666666666
ShallowConvNet,1,B72,240,14800,1680,B79;B80;B81;C83;C84;C85;C86,A13;A18;A22;A27;A31;A36;A40;A41;A46;A50;A55;A60;B62;B67;B72;B77;C82;C87,283.1557128000004,cpu,"EOG-regressed 8-30Hz MI epoch, 64Hz downsampled",training_subjects_only,20260727,5,0.5,0.5303819444444444,0.0,0.0,0.0,0.5,1.0,0.6666666666666666
ShallowConvNet,1,B77,240,14800,1680,B79;B80;B81;C83;C84;C85;C86,A13;A18;A22;A27;A31;A36;A40;A41;A46;A50;A55;A60;B62;B67;B72;B77;C82;C87,283.1675001000003,cpu,"EOG-regressed 8-30Hz MI epoch, 64Hz downsampled",training_subjects_only,20260727,5,0.5,0.5329861111111112,0.0,0.0,0.0,0.5,1.0,0.6666666666666666
ShallowConvNet,1,C82,240,14800,1680,B79;B80;B81;C83;C84;C85;C86,A13;A18;A22;A27;A31;A36;A40;A41;A46;A50;A55;A60;B62;B67;B72;B77;C82;C87,283.1772235999997,cpu,"EOG-regressed 8-30Hz MI epoch, 64Hz downsampled",training_subjects_only,20260727,5,0.5,0.48621527777777784,0.0,0.0,0.0,0.5,1.0,0.6666666666666666
ShallowConvNet,1,C87,240,14800,1680,B79;B80;B81;C83;C84;C85;C86,A13;A18;A22;A27;A31;A36;A40;A41;A46;A50;A55;A60;B62;B67;B72;B77;C82;C87,283.18443769999976,cpu,"EOG-regressed 8-30Hz MI epoch, 64Hz downsampled",training_subjects_only,20260727,5,0.5,0.6107986111111111,0.0,0.0,0.0,0.5,1.0,0.6666666666666666
ShallowConvNet,2,A12,240,14872,1680,B79;B80;C82;C83;C84;C85;C87,A12;A17;A21;A26;A30;A35;A4;A45;A5;A54;A59;A6;B61;B66;B71;B76;B81;C86,328.6148004000006,cpu,"EOG-regressed 8-30Hz MI epoch, 64Hz downsampled",training_subjects_only,20260727,9,0.5041666666666667,0.5199305555555556,0.5106382978723404,0.2,0.2874251497005988,0.5025906735751295,0.8083333333333333,0.6198083067092651
ShallowConvNet,2,A17,240,14872,1680,B79;B80;C82;C83;C84;C85;C87,A12;A17;A21;A26;A30;A35;A4;A45;A5;A54;A59;A6;B61;B66;B71;B76;B81;C86,328.6264934999999,cpu,"EOG-regressed 8-30Hz MI epoch, 64Hz downsampled",training_subjects_only,20260727,9,0.5,0.5360763888888888,0.0,0.0,0.0,0.5,1.0,0.6666666666666666
ShallowConvNet,2,A21,240,14872,1680,B79;B80;C82;C83;C84;C85;C87,A12;A17;A21;A26;A30;A35;A4;A45;A5;A54;A59;A6;B61;B66;B71;B76;B81;C86,328.63428100000056,cpu,"EOG-regressed 8-30Hz MI epoch, 64Hz downsampled",training_subjects_only,20260727,9,0.5,0.5046527777777777,0.5,0.3333333333333333,0.4,0.5,0.6666666666666666,0.5714285714285714
ShallowConvNet,2,A26,240,14872,1680,B79;B80;C82;C83;C84;C85;C87,A12;A17;A21;A26;A30;A35;A4;A45;A5;A54;A59;A6;B61;B66;B71;B76;B81;C86,328.6430110000001,cpu,"EOG-regressed 8-30Hz MI epoch, 64Hz downsampled",training_subjects_only,20260727,9,0.5666666666666667,0.5943055555555555,0.6666666666666666,0.26666666666666666,0.38095238095238093,0.5416666666666666,0.8666666666666667,0.6666666666666666
ShallowConvNet,2,A30,240,14872,1680,B79;B80;C82;C83;C84;C85;C87,A12;A17;A21;A26;A30;A35;A4;A45;A5;A54;A59;A6;B61;B66;B71;B76;B81;C86,328.6502567999996,cpu,"EOG-regressed 8-30Hz MI epoch, 64Hz downsampled",training_subjects_only,20260727,9,0.49583333333333335,0.5108680555555556,0.4936708860759494,0.325,0.39195979899497485,0.4968944099378882,0.6666666666666666,0.5693950177935944
ShallowConvNet,2,A35,240,14872,1680,B79;B80;C82;C83;C84;C85;C87,A12;A17;A21;A26;A30;A35;A4;A45;A5;A54;A59;A6;B61;B66;B71;B76;B81;C86,328.6582378000003,cpu,"EOG-regressed 8-30Hz MI epoch, 64Hz downsampled",training_subjects_only,20260727,9,0.5583333333333333,0.5896875,0.6666666666666666,0.23333333333333334,0.345679012345679,0.5353535353535354,0.8833333333333333,0.6666666666666666
ShallowConvNet,2,A4,240,14872,1680,B79;B80;C82;C83;C84;C85;C87,A12;A17;A21;A26;A30;A35;A4;A45;A5;A54;A59;A6;B61;B66;B71;B76;B81;C86,328.66630110000006,cpu,"EOG-regressed 8-30Hz MI epoch, 64Hz downsampled",training_subjects_only,20260727,9,0.5,0.5101041666666666,0.5,0.325,0.3939393939393939,0.5,0.675,0.574468085106383
ShallowConvNet,2,A45,240,14872,1680,B79;B80;C82;C83;C84;C85;C87,A12;A17;A21;A26;A30;A35;A4;A45;A5;A54;A59;A6;B61;B66;B71;B76;B81;C86,328.67520650000006,cpu,"EOG-regressed 8-30Hz MI epoch, 64Hz downsampled",training_subjects_only,20260727,9,0.5,0.4990972222222222,0.5,0.16666666666666666,0.25,0.5,0.8333333333333334,0.625
ShallowConvNet,2,A5,240,14872,1680,B79;B80;C82;C83;C84;C85;C87,A12;A17;A21;A26;A30;A35;A4;A45;A5;A54;A59;A6;B61;B66;B71;B76;B81;C86,328.68381190000036,cpu,"EOG-regressed 8-30Hz MI epoch, 64Hz downsampled",training_subjects_only,20260727,9,0.49583333333333335,0.5302083333333334,0.4936708860759494,0.325,0.39195979899497485,0.4968944099378882,0.6666666666666666,0.5693950177935944
ShallowConvNet,2,A54,240,14872,1680,B79;B80;C82;C83;C84;C85;C87,A12;A17;A21;A26;A30;A35;A4;A45;A5;A54;A59;A6;B61;B66;B71;B76;B81;C86,328.6915633999997,cpu,"EOG-regressed 8-30Hz MI epoch, 64Hz downsampled",training_subjects_only,20260727,9,0.5208333333333333,0.5124305555555555,0.5352112676056338,0.31666666666666665,0.39790575916230364,0.514792899408284,0.725,0.6020761245674741
ShallowConvNet,2,A59,160,14872,1680,B79;B80;C82;C83;C84;C85;C87,A12;A17;A21;A26;A30;A35;A4;A45;A5;A54;A59;A6;B61;B66;B71;B76;B81;C86,328.6995628000004,cpu,"EOG-regressed 8-30Hz MI epoch, 64Hz downsampled",training_subjects_only,20260727,9,0.55,0.5335937499999999,0.5571428571428572,0.4875,0.52,0.5444444444444444,0.6125,0.5764705882352941
ShallowConvNet,2,A6,240,14872,1680,B79;B80;C82;C83;C84;C85;C87,A12;A17;A21;A26;A30;A35;A4;A45;A5;A54;A59;A6;B61;B66;B71;B76;B81;C86,328.70809050000025,cpu,"EOG-regressed 8-30Hz MI epoch, 64Hz downsampled",training_subjects_only,20260727,9,0.5166666666666666,0.5892708333333333,0.5263157894736842,0.3333333333333333,0.40816326530612246,0.5121951219512195,0.7,0.5915492957746479
ShallowConvNet,2,B61,240,14872,1680,B79;B80;C82;C83;C84;C85;C87,A12;A17;A21;A26;A30;A35;A4;A45;A5;A54;A59;A6;B61;B66;B71;B76;B81;C86,328.71471720000045,cpu,"EOG-regressed 8-30Hz MI epoch, 64Hz downsampled",training_subjects_only,20260727,9,0.5,0.630625,0.0,0.0,0.0,0.5,1.0,0.6666666666666666
ShallowConvNet,2,B66,240,14872,1680,B79;B80;C82;C83;C84;C85;C87,A12;A17;A21;A26;A30;A35;A4;A45;A5;A54;A59;A6;B61;B66;B71;B76;B81;C86,328.72317979999934,cpu,"EOG-regressed 8-30Hz MI epoch, 64Hz downsampled",training_subjects_only,20260727,9,0.5,0.4998263888888889,0.0,0.0,0.0,0.5,1.0,0.6666666666666666
ShallowConvNet,2,B71,240,14872,1680,B79;B80;C82;C83;C84;C85;C87,A12;A17;A21;A26;A30;A35;A4;A45;A5;A54;A59;A6;B61;B66;B71;B76;B81;C86,328.7313329999997,cpu,"EOG-regressed 8-30Hz MI epoch, 64Hz downsampled",training_subjects_only,20260727,9,0.5,0.48201388888888885,0.0,0.0,0.0,0.5,1.0,0.6666666666666666
ShallowConvNet,2,B76,240,14872,1680,B79;B80;C82;C83;C84;C85;C87,A12;A17;A21;A26;A30;A35;A4;A45;A5;A54;A59;A6;B61;B66;B71;B76;B81;C86,328.74174889999995,cpu,"EOG-regressed 8-30Hz MI epoch, 64Hz downsampled",training_subjects_only,20260727,9,0.5,0.6284722222222222,0.0,0.0,0.0,0.5,1.0,0.6666666666666666
ShallowConvNet,2,B81,240,14872,1680,B79;B80;C82;C83;C84;C85;C87,A12;A17;A21;A26;A30;A35;A4;A45;A5;A54;A59;A6;B61;B66;B71;B76;B81;C86,328.7508952999997,cpu,"EOG-regressed 8-30Hz MI epoch, 64Hz downsampled",training_subjects_only,20260727,9,0.5,0.5120138888888889,0.0,0.0,0.0,0.5,1.0,0.6666666666666666
ShallowConvNet,2,C86,240,14872,1680,B79;B80;C82;C83;C84;C85;C87,A12;A17;A21;A26;A30;A35;A4;A45;A5;A54;A59;A6;B61;B66;B71;B76;B81;C86,328.7582026,cpu,"EOG-regressed 8-30Hz MI epoch, 64Hz downsampled",training_subjects_only,20260727,9,0.5,0.5214583333333334,0.0,0.0,0.0,0.5,1.0,0.6666666666666666
ShallowConvNet,3,A11,240,15032,1680,B79;B81;C82;C83;C84;C86;C87,A11;A16;A20;A25;A3;A34;A39;A44;A49;A53;A58;A9;B65;B70;B75;B80;C85,453.9195238000011,cpu,"EOG-regressed 8-30Hz MI epoch, 64Hz downsampled",training_subjects_only,20260727,9,0.48333333333333334,0.4798958333333334,0.4090909090909091,0.075,0.1267605633802817,0.4908256880733945,0.8916666666666667,0.6331360946745562
ShallowConvNet,3,A16,240,15032,1680,B79;B81;C82;C83;C84;C86;C87,A11;A16;A20;A25;A3;A34;A39;A44;A49;A53;A58;A9;B65;B70;B75;B80;C85,453.93211560000054,cpu,"EOG-regressed 8-30Hz MI epoch, 64Hz downsampled",training_subjects_only,20260727,9,0.5166666666666666,0.5003472222222223,0.5588235294117647,0.15833333333333333,0.24675324675324675,0.5097087378640777,0.875,0.6441717791411042
ShallowConvNet,3,A20,240,15032,1680,B79;B81;C82;C83;C84;C86;C87,A11;A16;A20;A25;A3;A34;A39;A44;A49;A53;A58;A9;B65;B70;B75;B80;C85,453.942927600001,cpu,"EOG-regressed 8-30Hz MI epoch, 64Hz downsampled",training_subjects_only,20260727,9,0.5375,0.6066666666666666,0.6551724137931034,0.15833333333333333,0.2550335570469799,0.5213270142180095,0.9166666666666666,0.6646525679758308
ShallowConvNet,3,A25,240,15032,1680,B79;B81;C82;C83;C84;C86;C87,A11;A16;A20;A25;A3;A34;A39;A44;A49;A53;A58;A9;B65;B70;B75;B80;C85,453.95153480000045,cpu,"EOG-regressed 8-30Hz MI epoch, 64Hz downsampled",training_subjects_only,20260727,9,0.575,0.6391319444444445,0.6607142857142857,0.30833333333333335,0.42045454545454547,0.5489130434782609,0.8416666666666667,0.6644736842105263
ShallowConvNet,3,A3,240,15032,1680,B79;B81;C82;C83;C84;C86;C87,A11;A16;A20;A25;A3;A34;A39;A44;A49;A53;A58;A9;B65;B70;B75;B80;C85,453.96181350000006,cpu,"EOG-regressed 8-30Hz MI epoch, 64Hz downsampled",training_subjects_only,20260727,9,0.4916666666666667,0.47909722222222223,0.484375,0.25833333333333336,0.33695652173913043,0.4943181818181818,0.725,0.5878378378378378
ShallowConvNet,3,A34,240,15032,1680,B79;B81;C82;C83;C84;C86;C87,A11;A16;A20;A25;A3;A34;A39;A44;A49;A53;A58;A9;B65;B70;B75;B80;C85,453.97069060000103,cpu,"EOG-regressed 8-30Hz MI epoch, 64Hz downsampled",training_subjects_only,20260727,9,0.5125,0.5268055555555555,0.5365853658536586,0.18333333333333332,0.2732919254658385,0.507537688442211,0.8416666666666667,0.6332288401253918
ShallowConvNet,3,A39,240,15032,1680,B79;B81;C82;C83;C84;C86;C87,A11;A16;A20;A25;A3;A34;A39;A44;A49;A53;A58;A9;B65;B70;B75;B80;C85,453.9796920000008,cpu,"EOG-regressed 8-30Hz MI epoch, 64Hz downsampled",training_subjects_only,20260727,9,0.5416666666666666,0.74625,0.6666666666666666,0.16666666666666666,0.26666666666666666,0.5238095238095238,0.9166666666666666,0.6666666666666666
ShallowConvNet,3,A44,240,15032,1680,B79;B81;C82;C83;C84;C86;C87,A11;A16;A20;A25;A3;A34;A39;A44;A49;A53;A58;A9;B65;B70;B75;B80;C85,453.9902172000002,cpu,"EOG-regressed 8-30Hz MI epoch, 64Hz downsampled",training_subjects_only,20260727,9,0.5208333333333334,0.5432638888888889,0.5675675675675675,0.175,0.267515923566879,0.5123152709359606,0.8666666666666667,0.6439628482972136
ShallowConvNet,3,A49,240,15032,1680,B79;B81;C82;C83;C84;C86;C87,A11;A16;A20;A25;A3;A34;A39;A44;A49;A53;A58;A9;B65;B70;B75;B80;C85,453.99979710000116,cpu,"EOG-regressed 8-30Hz MI epoch, 64Hz downsampled",training_subjects_only,20260727,9,0.5125,0.5156944444444445,0.5789473684210527,0.09166666666666666,0.15827338129496402,0.5067873303167421,0.9333333333333333,0.656891495601173
ShallowConvNet,3,A53,240,15032,1680,B79;B81;C82;C83;C84;C86;C87,A11;A16;A20;A25;A3;A34;A39;A44;A49;A53;A58;A9;B65;B70;B75;B80;C85,454.00841440000113,cpu,"EOG-regressed 8-30Hz MI epoch, 64Hz downsampled",training_subjects_only,20260727,9,0.5166666666666666,0.5455555555555556,0.6111111111111112,0.09166666666666666,0.15942028985507245,0.509009009009009,0.9416666666666667,0.6608187134502924
ShallowConvNet,3,A58,240,15032,1680,B79;B81;C82;C83;C84;C86;C87,A11;A16;A20;A25;A3;A34;A39;A44;A49;A53;A58;A9;B65;B70;B75;B80;C85,454.0170689000006,cpu,"EOG-regressed 8-30Hz MI epoch, 64Hz downsampled",training_subjects_only,20260727,9,0.4916666666666667,0.5031944444444445,0.48148148148148145,0.21666666666666667,0.2988505747126437,0.4946236559139785,0.7666666666666667,0.6013071895424836
ShallowConvNet,3,A9,240,15032,1680,B79;B81;C82;C83;C84;C86;C87,A11;A16;A20;A25;A3;A34;A39;A44;A49;A53;A58;A9;B65;B70;B75;B80;C85,454.0266999000014,cpu,"EOG-regressed 8-30Hz MI epoch, 64Hz downsampled",training_subjects_only,20260727,9,0.5125,0.5473611111111111,0.5211267605633803,0.30833333333333335,0.387434554973822,0.5088757396449705,0.7166666666666667,0.5951557093425606
ShallowConvNet,3,B65,240,15032,1680,B79;B81;C82;C83;C84;C86;C87,A11;A16;A20;A25;A3;A34;A39;A44;A49;A53;A58;A9;B65;B70;B75;B80;C85,454.0360021000015,cpu,"EOG-regressed 8-30Hz MI epoch, 64Hz downsampled",training_subjects_only,20260727,9,0.5,0.5698611111111112,0.0,0.0,0.0,0.5,1.0,0.6666666666666666
ShallowConvNet,3,B70,240,15032,1680,B79;B81;C82;C83;C84;C86;C87,A11;A16;A20;A25;A3;A34;A39;A44;A49;A53;A58;A9;B65;B70;B75;B80;C85,454.0441713,cpu,"EOG-regressed 8-30Hz MI epoch, 64Hz downsampled",training_subjects_only,20260727,9,0.5,0.5312152777777778,0.0,0.0,0.0,0.5,1.0,0.6666666666666666
ShallowConvNet,3,B75,240,15032,1680,B79;B81;C82;C83;C84;C86;C87,A11;A16;A20;A25;A3;A34;A39;A44;A49;A53;A58;A9;B65;B70;B75;B80;C85,454.0524193000001,cpu,"EOG-regressed 8-30Hz MI epoch, 64Hz downsampled",training_subjects_only,20260727,9,0.5,0.5695833333333333,0.0,0.0,0.0,0.5,1.0,0.6666666666666666
ShallowConvNet,3,B80,240,15032,1680,B79;B81;C82;C83;C84;C86;C87,A11;A16;A20;A25;A3;A34;A39;A44;A49;A53;A58;A9;B65;B70;B75;B80;C85,454.06120530000044,cpu,"EOG-regressed 8-30Hz MI epoch, 64Hz downsampled",training_subjects_only,20260727,9,0.5,0.4698263888888889,0.0,0.0,0.0,0.5,1.0,0.6666666666666666
ShallowConvNet,3,C85,240,15032,1680,B79;B81;C82;C83;C84;C86;C87,A11;A16;A20;A25;A3;A34;A39;A44;A49;A53;A58;A9;B65;B70;B75;B80;C85,454.07101130000046,cpu,"EOG-regressed 8-30Hz MI epoch, 64Hz downsampled",training_subjects_only,20260727,9,0.5833333333333334,0.5576388888888889,0.717391304347826,0.275,0.39759036144578314,0.5515463917525774,0.8916666666666667,0.6815286624203821
ShallowConvNet,4,A10,240,15032,1680,B80;B81;C82;C83;C85;C86;C87,A10;A15;A2;A24;A29;A33;A38;A43;A48;A52;A57;A8;B64;B69;B74;B79;C84,286.5958919000004,cpu,"EOG-regressed 8-30Hz MI epoch, 64Hz downsampled",training_subjects_only,20260727,8,0.5125,0.5156944444444445,0.5194805194805194,0.3333333333333333,0.40609137055837563,0.50920245398773,0.6916666666666667,0.5865724381625441
ShallowConvNet,4,A15,240,15032,1680,B80;B81;C82;C83;C85;C86;C87,A10;A15;A2;A24;A29;A33;A38;A43;A48;A52;A57;A8;B64;B69;B74;B79;C84,286.6084417000002,cpu,"EOG-regressed 8-30Hz MI epoch, 64Hz downsampled",training_subjects_only,20260727,8,0.5,0.5364583333333335,0.5,0.31666666666666665,0.3877551020408163,0.5,0.6833333333333333,0.5774647887323944
ShallowConvNet,4,A2,240,15032,1680,B80;B81;C82;C83;C85;C86;C87,A10;A15;A2;A24;A29;A33;A38;A43;A48;A52;A57;A8;B64;B69;B74;B79;C84,286.6157526999996,cpu,"EOG-regressed 8-30Hz MI epoch, 64Hz downsampled",training_subjects_only,20260727,8,0.5166666666666666,0.5163888888888889,0.5277777777777778,0.31666666666666665,0.3958333333333333,0.5119047619047619,0.7166666666666667,0.5972222222222222
ShallowConvNet,4,A24,240,15032,1680,B80;B81;C82;C83;C85;C86;C87,A10;A15;A2;A24;A29;A33;A38;A43;A48;A52;A57;A8;B64;B69;B74;B79;C84,286.6223418999998,cpu,"EOG-regressed 8-30Hz MI epoch, 64Hz downsampled",training_subjects_only,20260727,8,0.5125,0.5080902777777778,0.52,0.325,0.4,0.509090909090909,0.7,0.5894736842105263
ShallowConvNet,4,A29,240,15032,1680,B80;B81;C82;C83;C85;C86;C87,A10;A15;A2;A24;A29;A33;A38;A43;A48;A52;A57;A8;B64;B69;B74;B79;C84,286.62884210000084,cpu,"EOG-regressed 8-30Hz MI epoch, 64Hz downsampled",training_subjects_only,20260727,8,0.49166666666666664,0.5123263888888889,0.4838709677419355,0.25,0.32967032967032966,0.4943820224719101,0.7333333333333333,0.5906040268456376
ShallowConvNet,4,A33,240,15032,1680,B80;B81;C82;C83;C85;C86;C87,A10;A15;A2;A24;A29;A33;A38;A43;A48;A52;A57;A8;B64;B69;B74;B79;C84,286.63404960000116,cpu,"EOG-regressed 8-30Hz MI epoch, 64Hz downsampled",training_subjects_only,20260727,8,0.49166666666666664,0.5059375,0.48717948717948717,0.31666666666666665,0.3838383838383838,0.49382716049382713,0.6666666666666666,0.5673758865248227
ShallowConvNet,4,A38,240,15032,1680,B80;B81;C82;C83;C85;C86;C87,A10;A15;A2;A24;A29;A33;A38;A43;A48;A52;A57;A8;B64;B69;B74;B79;C84,286.64064680000047,cpu,"EOG-regressed 8-30Hz MI epoch, 64Hz downsampled",training_subjects_only,20260727,8,0.5208333333333333,0.5203819444444444,0.5352112676056338,0.31666666666666665,0.39790575916230364,0.514792899408284,0.725,0.6020761245674741
ShallowConvNet,4,A43,240,15032,1680,B80;B81;C82;C83;C85;C86;C87,A10;A15;A2;A24;A29;A33;A38;A43;A48;A52;A57;A8;B64;B69;B74;B79;C84,286.64753870000095,cpu,"EOG-regressed 8-30Hz MI epoch, 64Hz downsampled",training_subjects_only,20260727,8,0.5,0.5182638888888889,0.5,0.30833333333333335,0.38144329896907214,0.5,0.6916666666666667,0.5804195804195804
ShallowConvNet,4,A48,240,15032,1680,B80;B81;C82;C83;C85;C86;C87,A10;A15;A2;A24;A29;A33;A38;A43;A48;A52;A57;A8;B64;B69;B74;B79;C84,286.6545204000013,cpu,"EOG-regressed 8-30Hz MI epoch, 64Hz downsampled",training_subjects_only,20260727,8,0.5,0.4986111111111111,0.5,0.31666666666666665,0.3877551020408163,0.5,0.6833333333333333,0.5774647887323944
ShallowConvNet,4,A52,240,15032,1680,B80;B81;C82;C83;C85;C86;C87,A10;A15;A2;A24;A29;A33;A38;A43;A48;A52;A57;A8;B64;B69;B74;B79;C84,286.662096,cpu,"EOG-regressed 8-30Hz MI epoch, 64Hz downsampled",training_subjects_only,20260727,8,0.5125,0.5052083333333334,0.5217391304347826,0.3,0.38095238095238093,0.5087719298245614,0.725,0.5979381443298969
ShallowConvNet,4,A57,240,15032,1680,B80;B81;C82;C83;C85;C86;C87,A10;A15;A2;A24;A29;A33;A38;A43;A48;A52;A57;A8;B64;B69;B74;B79;C84,286.6687087999999,cpu,"EOG-regressed 8-30Hz MI epoch, 64Hz downsampled",training_subjects_only,20260727,8,0.5,0.4986111111111111,0.5,0.325,0.3939393939393939,0.5,0.675,0.574468085106383
ShallowConvNet,4,A8,240,15032,1680,B80;B81;C82;C83;C85;C86;C87,A10;A15;A2;A24;A29;A33;A38;A43;A48;A52;A57;A8;B64;B69;B74;B79;C84,286.6753700999998,cpu,"EOG-regressed 8-30Hz MI epoch, 64Hz downsampled",training_subjects_only,20260727,8,0.4916666666666667,0.5005208333333333,0.4861111111111111,0.2916666666666667,0.3645833333333333,0.49404761904761907,0.6916666666666667,0.5763888888888888
ShallowConvNet,4,B64,240,15032,1680,B80;B81;C82;C83;C85;C86;C87,A10;A15;A2;A24;A29;A33;A38;A43;A48;A52;A57;A8;B64;B69;B74;B79;C84,286.6817467000001,cpu,"EOG-regressed 8-30Hz MI epoch, 64Hz downsampled",training_subjects_only,20260727,8,0.5,0.4804513888888889,0.0,0.0,0.0,0.5,1.0,0.6666666666666666
ShallowConvNet,4,B69,240,15032,1680,B80;B81;C82;C83;C85;C86;C87,A10;A15;A2;A24;A29;A33;A38;A43;A48;A52;A57;A8;B64;B69;B74;B79;C84,286.6882977000005,cpu,"EOG-regressed 8-30Hz MI epoch, 64Hz downsampled",training_subjects_only,20260727,8,0.5,0.5160069444444444,0.0,0.0,0.0,0.5,1.0,0.6666666666666666
ShallowConvNet,4,B74,240,15032,1680,B80;B81;C82;C83;C85;C86;C87,A10;A15;A2;A24;A29;A33;A38;A43;A48;A52;A57;A8;B64;B69;B74;B79;C84,286.6952027999996,cpu,"EOG-regressed 8-30Hz MI epoch, 64Hz downsampled",training_subjects_only,20260727,8,0.5,0.5214236111111111,0.0,0.0,0.0,0.5,1.0,0.6666666666666666
ShallowConvNet,4,B79,240,15032,1680,B80;B81;C82;C83;C85;C86;C87,A10;A15;A2;A24;A29;A33;A38;A43;A48;A52;A57;A8;B64;B69;B74;B79;C84,286.7005989999998,cpu,"EOG-regressed 8-30Hz MI epoch, 64Hz downsampled",training_subjects_only,20260727,8,0.5,0.5073611111111112,0.0,0.0,0.0,0.5,1.0,0.6666666666666666
ShallowConvNet,4,C84,240,15032,1680,B80;B81;C82;C83;C85;C86;C87,A10;A15;A2;A24;A29;A33;A38;A43;A48;A52;A57;A8;B64;B69;B74;B79;C84,286.7073840000012,cpu,"EOG-regressed 8-30Hz MI epoch, 64Hz downsampled",training_subjects_only,20260727,8,0.5,0.4711458333333334,0.0,0.0,0.0,0.5,1.0,0.6666666666666666
ShallowConvNet,5,A1,240,15032,1680,B80;B81;C82;C84;C85;C86;C87,A1;A14;A19;A23;A28;A32;A37;A42;A47;A51;A56;A7;B63;B68;B73;B78;C83,157.4746555999991,cpu,"EOG-regressed 8-30Hz MI epoch, 64Hz downsampled",training_subjects_only,20260727,5,0.5,0.538888888888889,0.0,0.0,0.0,0.5,1.0,0.6666666666666666
ShallowConvNet,5,A14,240,15032,1680,B80;B81;C82;C84;C85;C86;C87,A1;A14;A19;A23;A28;A32;A37;A42;A47;A51;A56;A7;B63;B68;B73;B78;C83,157.48896299999979,cpu,"EOG-regressed 8-30Hz MI epoch, 64Hz downsampled",training_subjects_only,20260727,5,0.5,0.4825,0.5,0.3333333333333333,0.4,0.5,0.6666666666666666,0.5714285714285714
ShallowConvNet,5,A19,240,15032,1680,B80;B81;C82;C84;C85;C86;C87,A1;A14;A19;A23;A28;A32;A37;A42;A47;A51;A56;A7;B63;B68;B73;B78;C83,157.49825810000038,cpu,"EOG-regressed 8-30Hz MI epoch, 64Hz downsampled",training_subjects_only,20260727,5,0.5166666666666666,0.4832986111111111,0.5285714285714286,0.30833333333333335,0.3894736842105263,0.5117647058823529,0.725,0.6
ShallowConvNet,5,A23,240,15032,1680,B80;B81;C82;C84;C85;C86;C87,A1;A14;A19;A23;A28;A32;A37;A42;A47;A51;A56;A7;B63;B68;B73;B78;C83,157.50590389999888,cpu,"EOG-regressed 8-30Hz MI epoch, 64Hz downsampled",training_subjects_only,20260727,5,0.5249999999999999,0.5188194444444445,0.5428571428571428,0.31666666666666665,0.4,0.5176470588235295,0.7333333333333333,0.6068965517241379
ShallowConvNet,5,A28,240,15032,1680,B80;B81;C82;C84;C85;C86;C87,A1;A14;A19;A23;A28;A32;A37;A42;A47;A51;A56;A7;B63;B68;B73;B78;C83,157.51390299999912,cpu,"EOG-regressed 8-30Hz MI epoch, 64Hz downsampled",training_subjects_only,20260727,5,0.5083333333333333,0.5129166666666666,0.5135135135135135,0.31666666666666665,0.3917525773195876,0.5060240963855421,0.7,0.5874125874125874
ShallowConvNet,5,A32,240,15032,1680,B80;B81;C82;C84;C85;C86;C87,A1;A14;A19;A23;A28;A32;A37;A42;A47;A51;A56;A7;B63;B68;B73;B78;C83,157.52227099999982,cpu,"EOG-regressed 8-30Hz MI epoch, 64Hz downsampled",training_subjects_only,20260727,5,0.5166666666666666,0.47809027777777785,0.53125,0.2833333333333333,0.3695652173913043,0.5113636363636364,0.75,0.6081081081081081
ShallowConvNet,5,A37,240,15032,1680,B80;B81;C82;C84;C85;C86;C87,A1;A14;A19;A23;A28;A32;A37;A42;A47;A51;A56;A7;B63;B68;B73;B78;C83,157.53127639999911,cpu,"EOG-regressed 8-30Hz MI epoch, 64Hz downsampled",training_subjects_only,20260727,5,0.5041666666666667,0.4787152777777778,0.5066666666666667,0.31666666666666665,0.38974358974358975,0.503030303030303,0.6916666666666667,0.5824561403508772
ShallowConvNet,5,A42,240,15032,1680,B80;B81;C82;C84;C85;C86;C87,A1;A14;A19;A23;A28;A32;A37;A42;A47;A51;A56;A7;B63;B68;B73;B78;C83,157.53949499999908,cpu,"EOG-regressed 8-30Hz MI epoch, 64Hz downsampled",training_subjects_only,20260727,5,0.4791666666666667,0.5093749999999999,0.46153846153846156,0.25,0.32432432432432434,0.4857142857142857,0.7083333333333334,0.576271186440678
ShallowConvNet,5,A47,240,15032,1680,B80;B81;C82;C84;C85;C86;C87,A1;A14;A19;A23;A28;A32;A37;A42;A47;A51;A56;A7;B63;B68;B73;B78;C83,157.54637019999973,cpu,"EOG-regressed 8-30Hz MI epoch, 64Hz downsampled",training_subjects_only,20260727,5,0.5,0.5028472222222222,0.5,0.3333333333333333,0.4,0.5,0.6666666666666666,0.5714285714285714
ShallowConvNet,5,A51,240,15032,1680,B80;B81;C82;C84;C85;C86;C87,A1;A14;A19;A23;A28;A32;A37;A42;A47;A51;A56;A7;B63;B68;B73;B78;C83,157.55422329999965,cpu,"EOG-regressed 8-30Hz MI epoch, 64Hz downsampled",training_subjects_only,20260727,5,0.49583333333333335,0.4939583333333333,0.4935064935064935,0.31666666666666665,0.38578680203045684,0.49693251533742333,0.675,0.5724381625441696
ShallowConvNet,5,A56,240,15032,1680,B80;B81;C82;C84;C85;C86;C87,A1;A14;A19;A23;A28;A32;A37;A42;A47;A51;A56;A7;B63;B68;B73;B78;C83,157.56115839999984,cpu,"EOG-regressed 8-30Hz MI epoch, 64Hz downsampled",training_subjects_only,20260727,5,0.5166666666666666,0.5377083333333332,0.5263157894736842,0.3333333333333333,0.40816326530612246,0.5121951219512195,0.7,0.5915492957746479
ShallowConvNet,5,A7,240,15032,1680,B80;B81;C82;C84;C85;C86;C87,A1;A14;A19;A23;A28;A32;A37;A42;A47;A51;A56;A7;B63;B68;B73;B78;C83,157.56731629999922,cpu,"EOG-regressed 8-30Hz MI epoch, 64Hz downsampled",training_subjects_only,20260727,5,0.49583333333333335,0.4668402777777777,0.49333333333333335,0.30833333333333335,0.37948717948717947,0.49696969696969695,0.6833333333333333,0.5754385964912281
ShallowConvNet,5,B63,240,15032,1680,B80;B81;C82;C84;C85;C86;C87,A1;A14;A19;A23;A28;A32;A37;A42;A47;A51;A56;A7;B63;B68;B73;B78;C83,157.57344290000037,cpu,"EOG-regressed 8-30Hz MI epoch, 64Hz downsampled",training_subjects_only,20260727,5,0.5,0.5284027777777778,0.0,0.0,0.0,0.5,1.0,0.6666666666666666
ShallowConvNet,5,B68,240,15032,1680,B80;B81;C82;C84;C85;C86;C87,A1;A14;A19;A23;A28;A32;A37;A42;A47;A51;A56;A7;B63;B68;B73;B78;C83,157.58298970000033,cpu,"EOG-regressed 8-30Hz MI epoch, 64Hz downsampled",training_subjects_only,20260727,5,0.5,0.4353819444444444,0.0,0.0,0.0,0.5,1.0,0.6666666666666666
ShallowConvNet,5,B73,240,15032,1680,B80;B81;C82;C84;C85;C86;C87,A1;A14;A19;A23;A28;A32;A37;A42;A47;A51;A56;A7;B63;B68;B73;B78;C83,157.59155569999893,cpu,"EOG-regressed 8-30Hz MI epoch, 64Hz downsampled",training_subjects_only,20260727,5,0.5,0.5620138888888889,0.0,0.0,0.0,0.5,1.0,0.6666666666666666
ShallowConvNet,5,B78,240,15032,1680,B80;B81;C82;C84;C85;C86;C87,A1;A14;A19;A23;A28;A32;A37;A42;A47;A51;A56;A7;B63;B68;B73;B78;C83,157.60007550000046,cpu,"EOG-regressed 8-30Hz MI epoch, 64Hz downsampled",training_subjects_only,20260727,5,0.5,0.5384722222222221,0.0,0.0,0.0,0.5,1.0,0.6666666666666666
ShallowConvNet,5,C83,240,15032,1680,B80;B81;C82;C84;C85;C86;C87,A1;A14;A19;A23;A28;A32;A37;A42;A47;A51;A56;A7;B63;B68;B73;B78;C83,157.609101,cpu,"EOG-regressed 8-30Hz MI epoch, 64Hz downsampled",training_subjects_only,20260727,5,0.5125,0.5070833333333333,0.52,0.325,0.4,0.509090909090909,0.7,0.5894736842105263
