feature,total_variance,between_variance,within_variance,within_fraction
posterior_alpha_logpower,31.457990812837053,10.359898277515045,21.401848822118218,0.6803310786582331
frontal_midline_theta_logpower,30.86110725836433,10.031686223063085,21.10882484644965,0.6839944098482887
aperiodic_offset,212.16154135836916,109.81765511467411,106.22072596047664,0.5006596637656193
aperiodic_exponent,0.17303729365199788,0.0514421796150534,0.12406450383626545,0.7169813004922306
alpha_peak_hz,2.890067437826611,0.6655362835249039,2.260065271339608,0.7820112575086562
slow_eye_logpower,37.45755357062301,13.860695890922175,24.014718623296165,0.6411181813574255
blink_amplitude,7672962048.0,1382250624.0,6454881280.0,0.8412502408027649
blink_event_count,9.461406806599209,1.1929270633780333,8.31586365126188,0.8789246484425205
emg_rms_20_45hz,189858928.0,44837204.0,150677248.0,0.7936273813247681
