branch,validity_label,subject,dataset,rejection_rate,sctm_n_trials,sctm_status,sctm_differential_norm,sctm_common_state_norm,sctm_differential_partial_r2,sctm_permutation_p,sctm_null_differential_norm_mean,cross_low_to_high_within_auc,cross_low_to_high_cross_auc,cross_high_to_low_within_auc,cross_high_to_low_cross_auc,cross_status,cross_cross_state_gap,permutations,seed
mi_window_circularity,circularity_ablation_not_valid_for_primary_inference,A1,A,0.008333333333333333,238,ok,0.3045361515339534,0.41245790610747424,0.0023880378000102898,0.27091633466135456,0.3015460611622306,0.7076923076923076,0.6866666666666666,0.7733333333333334,0.7743589743589744,ok,0.010000000000000009,250,1709258864
mi_window_circularity,circularity_ablation_not_valid_for_primary_inference,A2,A,0.016666666666666666,236,ok,0.4681809152678101,1.768198500266746,0.0013471951984608266,0.5816733067729084,0.4742701238946004,0.5954088952654232,0.6483516483516484,0.4297924297924297,0.6384505021520803,ok,-0.1308004127229379,250,1099789847
mi_window_circularity,circularity_ablation_not_valid_for_primary_inference,A3,A,0.0,240,ok,0.43752546812346643,1.382567844884249,0.003504745948993415,0.01195219123505976,0.41327069613274725,0.8292682926829269,0.8269454123112658,0.8304297328687573,0.7202295552367287,ok,0.056261529001844834,250,4207634932
mi_window_circularity,circularity_ablation_not_valid_for_primary_inference,A4,A,0.029166666666666667,233,ok,0.9106588329759175,1.3404555954447495,0.0023747478833888724,0.00398406374501992,0.8259622562530344,0.5714285714285714,0.5441860465116279,0.4992248062015504,0.5364145658263305,ok,-0.004973617353918325,250,2498503146
mi_window_circularity,circularity_ablation_not_valid_for_primary_inference,A5,A,0.004166666666666667,239,ok,1.2486971518312182,2.0719714095588446,0.0017190314406566598,0.00796812749003984,1.2401848024965314,0.5181159420289855,0.7345238095238096,0.7476190476190476,0.7355072463768116,ok,-0.10214803312629406,250,3634085536
mi_window_circularity,circularity_ablation_not_valid_for_primary_inference,A6,A,0.016666666666666666,236,ok,2.0119647977144233,0.827640580198846,0.00188511508439837,0.00796812749003984,1.993318642870008,0.8418367346938775,0.6979405034324941,0.591533180778032,0.729591836734694,ok,0.0029187876523606993,250,2314057813
mi_window_circularity,circularity_ablation_not_valid_for_primary_inference,A8,A,0.004166666666666667,239,ok,0.5469063375386497,2.0235090873715142,0.002198184252189317,0.027888446215139442,0.5133973094177748,0.5777777777777778,0.6326781326781327,0.7506142506142506,0.7625000000000001,ok,-0.03339305214305216,250,97976273
mi_window_circularity,circularity_ablation_not_valid_for_primary_inference,A12,A,0.0,240,ok,0.8474081145404654,0.8502657925282341,0.0007730697494127137,0.05976095617529881,0.829678465489036,0.6100478468899521,0.5611888111888113,0.5437062937062936,0.5239234449760766,ok,0.03432094221567894,250,1218460272
mi_window_circularity,circularity_ablation_not_valid_for_primary_inference,A14,A,0.008333333333333333,238,ok,1.3629496224439415,1.3684207423036316,0.0007985819108373704,1.0,1.5045333395520706,0.5119617224880383,0.640218878248974,0.73187414500684,0.5645933014354068,ok,0.019511843905248738,250,1858842769
mi_window_circularity,circularity_ablation_not_valid_for_primary_inference,A15,A,0.0,240,ok,1.2298034146187797,0.6347792728736652,0.003864683399687152,1.0,1.2691720336297052,0.7821428571428571,0.7232947232947233,0.6653796653796653,0.5702380952380952,ok,0.07699485199485195,250,2665560199
mi_window_circularity,circularity_ablation_not_valid_for_primary_inference,A16,A,0.0,240,ok,0.17390207572396668,2.172402142114328,0.0009305821191123442,0.099601593625498,0.1703132085711744,0.46341463414634143,0.49999999999999994,0.5619047619047619,0.5408895265423243,ok,-0.0077850652456104286,250,3031273659
mi_window_circularity,circularity_ablation_not_valid_for_primary_inference,A18,A,0.0,240,ok,0.314006168042025,2.2446158704120642,0.0016916451390524,1.0,0.3385764889297802,0.7157894736842105,0.8286713286713288,0.8787878787878788,0.8184210526315789,ok,-0.02625751441540919,250,3237524927
mi_window_circularity,circularity_ablation_not_valid_for_primary_inference,A19,A,0.0,240,ok,0.8748647343942378,1.7992011861221515,0.0036356149624647838,0.5378486055776892,0.8751025629336234,0.6693181818181817,0.8632478632478633,0.9435897435897436,0.9227272727272727,ok,-0.08653360528360537,250,1424729052
mi_window_circularity,circularity_ablation_not_valid_for_primary_inference,A20,A,0.0125,237,ok,0.6633943159644442,1.257408504259944,0.006119481724005782,0.01195219123505976,0.601352336280389,0.8404255319148937,0.8862179487179487,0.8461538461538461,0.6928191489361702,ok,0.05377114020731044,250,865243459
mi_window_circularity,circularity_ablation_not_valid_for_primary_inference,A22,A,0.0,240,ok,0.43427949348495726,0.217952664904941,0.0037510708576741214,0.08764940239043825,0.3865351140045641,0.6358974358974359,0.8036585365853658,0.7426829268292683,0.867948717948718,ok,-0.1465134459036898,250,2793287811
mi_window_circularity,circularity_ablation_not_valid_for_primary_inference,A23,A,0.008333333333333333,238,ok,0.20922130750067616,0.8948033267554931,0.0010786500859539805,0.9402390438247012,0.2295616491822793,0.8136200716845877,0.763157894736842,0.7669172932330827,0.5949820788530467,ok,0.11119869566389085,250,2919500952
mi_window_circularity,circularity_ablation_not_valid_for_primary_inference,A26,A,0.0125,237,ok,0.9622687602552389,0.6630033142328232,0.0024418900687652734,1.0,0.9905188378852963,0.7214452214452214,0.8888888888888888,0.5775335775335775,0.5268065268065268,ok,-0.05835830835830841,250,963971926
mi_window_circularity,circularity_ablation_not_valid_for_primary_inference,A27,A,0.0,240,ok,1.4463498698193937,0.8829459497386161,0.004665216469090683,0.9960159362549801,1.4553689781346042,0.5492424242424243,0.579656862745098,0.5196078431372549,0.3863636363636364,ok,0.05141488413547243,250,2038587039
mi_window_circularity,circularity_ablation_not_valid_for_primary_inference,A29,A,0.004166666666666667,239,ok,1.3661703206800564,2.3637456396631893,0.002636206953687603,0.649402390438247,1.3678475257572655,0.7488095238095238,0.6269727403156384,0.6370157819225251,0.6214285714285714,ok,0.0687119969939195,250,2011262318
mi_window_circularity,circularity_ablation_not_valid_for_primary_inference,A31,A,0.0,240,ok,0.7626409875931378,1.304270998031797,0.001798516930464289,0.00398406374501992,0.7409153557195786,0.3994708994708995,0.5361990950226244,0.7997737556561085,0.6190476190476191,ok,0.02199897052838226,250,420893906
mi_window_circularity,circularity_ablation_not_valid_for_primary_inference,A33,A,0.0,240,ok,1.4137068904062182,0.8589034437220012,0.0025553569530040177,0.00796812749003984,1.4106382569022975,0.8347953216374269,0.8306818181818182,0.5590909090909091,0.7953216374269005,ok,-0.11605861244019139,250,1748020907
mi_window_circularity,circularity_ablation_not_valid_for_primary_inference,A34,A,0.0,240,ok,0.7311275913819092,0.8570130116890963,0.005664899712755966,1.0,0.7511217122940893,0.5284900284900285,0.8106575963718821,0.41950113378684806,0.5626780626780626,ok,-0.2126722483865341,250,1492241460
mi_window_circularity,circularity_ablation_not_valid_for_primary_inference,A35,A,0.0,240,ok,1.29451201020279,2.141213087516159,0.0017742138330467672,0.00398406374501992,1.289738063613896,0.9272727272727274,0.8489583333333334,0.8841145833333334,0.9,ok,0.03121448863636367,250,1839842883
mi_window_circularity,circularity_ablation_not_valid_for_primary_inference,A37,A,0.025,234,ok,1.099729624039807,1.8132049379589514,0.0015399833996551093,0.41434262948207173,1.0995449876504038,0.7222222222222223,0.5880952380952381,0.6761904761904762,0.48333333333333334,ok,0.16349206349206355,250,2979004828
mi_window_circularity,circularity_ablation_not_valid_for_primary_inference,A38,A,0.0,240,ok,1.6037754927649208,2.6703870390539883,0.0012390692705830375,0.17928286852589642,1.5955892905155415,0.5717703349282296,0.6724537037037037,0.6469907407407407,0.6842105263157895,ok,-0.06895157717526146,250,562410465
mi_window_circularity,circularity_ablation_not_valid_for_primary_inference,A40,A,0.0,232,ok,0.5064100188089232,1.1617713440441382,0.0037753316124480296,0.0199203187250996,0.48893136982770646,0.5403726708074534,0.5408895265423241,0.6140602582496413,0.4111801242236025,ok,0.10118163914558403,250,823194401
mi_window_circularity,circularity_ablation_not_valid_for_primary_inference,A41,A,0.004166666666666667,239,ok,0.7461549137523026,1.3325133148247257,0.00124496074692515,0.00398406374501992,0.5340239637057814,0.6565656565656566,0.6678260869565217,0.7121739130434782,0.7232323232323232,ok,-0.01115942028985506,250,1356196166
mi_window_circularity,circularity_ablation_not_valid_for_primary_inference,A42,A,0.0,240,ok,0.10221061007843671,0.09088639888552283,0.003532800982330442,0.5219123505976095,0.10385302240648042,0.6107226107226107,0.430952380952381,0.594642857142857,0.5058275058275058,ok,0.13429279054279047,250,3465607
mi_window_circularity,circularity_ablation_not_valid_for_primary_inference,A43,A,0.0,240,ok,0.15956468236813692,0.3386026972519069,0.011972164434052912,0.44621513944223107,0.1604416771807056,0.5059808612440191,0.6574074074074074,0.5334757834757835,0.5885167464114833,ok,-0.10323375454954409,250,3040628477
mi_window_circularity,circularity_ablation_not_valid_for_primary_inference,A44,A,0.0,240,ok,0.08875664320428851,0.19767229615637413,0.0064921990632869075,0.6294820717131474,0.09695389719051042,0.5296352583586627,0.5384615384615384,0.6212121212121213,0.5524316109422492,ok,0.02997711508349815,250,286308077
mi_window_circularity,circularity_ablation_not_valid_for_primary_inference,A45,A,0.0,240,ok,0.06209489903763195,0.22461803882410514,0.001609664477675965,0.9641434262948207,0.06422034123199717,0.5,0.42316784869976354,0.5520094562647755,0.49519230769230776,ok,0.06682464993635209,250,1618581816
mi_window_circularity,circularity_ablation_not_valid_for_primary_inference,A48,A,0.004166666666666667,239,ok,0.24978735972035196,0.20015558925437918,0.015658609044832517,0.8844621513944223,0.27835426836293015,0.6294573643410852,0.4857142857142857,0.6681318681318681,0.5612403100775194,ok,0.1253173183405741,250,2868127689
mi_window_circularity,circularity_ablation_not_valid_for_primary_inference,A50,A,0.0,240,ok,0.15062978059315665,0.29804188712312996,0.0052789390811819326,0.1553784860557769,0.14636904677610058,0.32472826086956524,0.4898785425101215,0.5411605937921727,0.6032608695652173,ok,-0.11362527870680039,250,1514437015
mi_window_circularity,circularity_ablation_not_valid_for_primary_inference,A51,A,0.004166666666666667,239,ok,0.10471569039874469,0.1949838815795835,0.0038793644895609436,0.6254980079681275,0.11348813786458171,0.5249169435215947,0.573170731707317,0.31626016260162604,0.5924695459579179,ok,-0.1622315857710071,250,3840235166
mi_window_circularity,circularity_ablation_not_valid_for_primary_inference,A52,A,0.0125,237,ok,0.1083025985036055,0.19053336886425598,0.004627583737281671,0.02390438247011952,0.08210076113848414,0.5842245989304813,0.47317073170731705,0.4975609756097561,0.47593582887700536,ok,0.06633950697795749,250,1170780643
mi_window_circularity,circularity_ablation_not_valid_for_primary_inference,A54,A,0.004166666666666667,239,ok,0.1322198382113858,0.48879585220468064,0.004496670992691465,0.9043824701195219,0.15019926215835724,0.4736842105263158,0.52361673414305,0.6005398110661267,0.46511627906976744,ok,0.04274550418981257,250,888830927
mi_window_circularity,circularity_ablation_not_valid_for_primary_inference,A55,A,0.0,240,ok,0.33056814888108677,0.47198365279980226,0.054538734435618075,0.12749003984063745,0.3282189133464492,0.5725490196078431,0.6833976833976834,0.5997425997425997,0.6483660130718953,ok,-0.07973603855956796,250,4074701954
mi_window_circularity,circularity_ablation_not_valid_for_primary_inference,A56,A,0.0,240,ok,0.19019429775124339,0.48420451609213533,0.04914999958170263,0.05976095617529881,0.15250368511114773,0.6455026455026456,0.5706018518518519,0.5567129629629629,0.6005291005291005,ok,0.01554232804232808,250,4069876903
mi_window_circularity,circularity_ablation_not_valid_for_primary_inference,A60,A,0.0,240,ok,0.014656285415619339,0.22081074521499405,0.006132844873698029,0.8167330677290837,0.03261779293399259,0.41985815602836885,0.4805555555555555,0.5097222222222222,0.5617021276595745,ok,-0.05633865248226949,250,2660782337
mi_window_circularity,circularity_ablation_not_valid_for_primary_inference,B62,B,0.0,240,ok,0.7333030272587896,0.7721778193202159,0.002621590566184273,0.8804780876494024,0.7399675678095559,0.8756613756613757,0.7582417582417582,0.8034188034188035,0.873015873015873,ok,0.023911273911273956,250,3387324901
mi_window_circularity,circularity_ablation_not_valid_for_primary_inference,B63,B,0.029166666666666667,233,ok,0.7199766365401686,1.2681342386249366,0.004411058311708516,1.0,0.8386111617768117,0.6552706552706553,0.6296296296296295,0.7407407407407407,0.5826210826210826,ok,0.09188034188034194,250,2009756572
mi_window_circularity,circularity_ablation_not_valid_for_primary_inference,B64,B,0.004166666666666667,239,ok,0.34400945447041614,0.7434750043010258,0.002479033852862078,0.9721115537848606,0.36330528021865927,0.45324675324675323,0.4972972972972973,0.5113513513513513,0.6662337662337663,ok,-0.09946647946647952,250,3044856736
mi_window_circularity,circularity_ablation_not_valid_for_primary_inference,B66,B,0.004166666666666667,239,ok,0.6390250188550101,0.645743182547871,0.0012807447258872395,0.00398406374501992,0.49117394129113795,0.42553191489361697,0.5493197278911566,0.5221088435374149,0.550531914893617,ok,-0.07610544217687082,250,1695548814
mi_window_circularity,circularity_ablation_not_valid_for_primary_inference,B67,B,0.008333333333333333,238,ok,0.8303637956573626,0.29205435782986483,0.007745136139581055,0.00398406374501992,0.6897697209365585,0.6329268292682927,0.625,0.6145833333333334,0.6475609756097561,ok,-0.012525406504065029,250,3405002260
mi_window_circularity,circularity_ablation_not_valid_for_primary_inference,B68,B,0.008333333333333333,238,ok,0.4977883256647678,1.5069614841169505,0.0073706329134552995,0.03187250996015936,0.4701690041113896,0.520979020979021,0.4465811965811966,0.4679487179487179,0.5052447552447552,ok,0.018550893550893566,250,2151120227
mi_window_circularity,circularity_ablation_not_valid_for_primary_inference,B69,B,0.0,240,ok,0.5829238023490518,0.36069899275818046,0.010206550446060225,0.08764940239043825,0.5667174593173995,0.928030303030303,0.846938775510204,0.8492063492063492,0.7916666666666666,ok,0.06931560502989076,250,3351021452
mi_window_circularity,circularity_ablation_not_valid_for_primary_inference,B73,B,0.008333333333333333,238,ok,0.4703655235670703,1.1093349905344088,0.0058811628989779985,0.5697211155378487,0.4774648588460574,0.853968253968254,0.8409090909090908,0.8815789473684211,0.8682539682539682,ok,0.013192071086808088,250,296591894
mi_window_circularity,circularity_ablation_not_valid_for_primary_inference,B74,B,0.0,240,ok,0.48835104009193103,1.1014482659460616,0.0027387966417349308,0.0199203187250996,0.4624639535528076,0.6416666666666667,0.6805555555555556,0.6708333333333333,0.717857142857143,ok,-0.042956349206349276,250,2887944231
mi_window_circularity,circularity_ablation_not_valid_for_primary_inference,B77,B,0.004166666666666667,239,ok,0.6064754221526396,1.2840577884636497,0.006102329027027231,0.4581673306772908,0.6040148625814442,0.4759358288770053,0.7172839506172839,0.6370370370370371,0.6844919786096257,ok,-0.14440153165643363,250,2052538512
mi_window_circularity,circularity_ablation_not_valid_for_primary_inference,B78,B,0.004166666666666667,239,ok,1.2701846459278028,1.6344536833550158,0.006659009194172172,0.9960159362549801,1.3007214125137043,0.6157894736842106,0.665625,0.7140625,0.8589473684210527,ok,-0.09736019736842105,250,1669742004
mi_window_circularity,circularity_ablation_not_valid_for_primary_inference,B79,B,0.008333333333333333,238,ok,0.9297165363105689,1.704749887239144,0.010849956437378516,0.027888446215139442,0.8936897089223801,0.8187134502923976,0.894736842105263,0.736842105263158,0.804093567251462,ok,-0.07163742690058472,250,2291442792
mi_window_circularity,circularity_ablation_not_valid_for_primary_inference,B80,B,0.0,240,ok,0.408043040267997,0.3944105790529738,0.002753764390708846,0.00398406374501992,0.20661741179637078,0.5829545454545454,0.7526315789473684,0.5697368421052632,0.5988636363636364,ok,-0.0994019138755981,250,4087623354
mi_window_circularity,circularity_ablation_not_valid_for_primary_inference,B81,B,0.008333333333333333,238,ok,0.7487996578536801,0.5999976901395976,0.0038647201556523125,0.00398406374501992,0.5679591042275045,0.5921985815602837,0.5007949125596184,0.4626391096979332,0.5496453900709221,ok,0.002198694313838234,250,83506807
mi_window_circularity,circularity_ablation_not_valid_for_primary_inference,C82,C,0.0,240,ok,0.7723629442671517,0.44898182615706733,0.002563391212483168,0.00398406374501992,0.7212337516151883,0.6271428571428571,0.5605442176870747,0.5959183673469388,0.6014285714285714,ok,0.03054421768707488,250,3034623977
mi_window_circularity,circularity_ablation_not_valid_for_primary_inference,C83,C,0.0,240,ok,0.13391787189692894,0.19496790337445166,0.008703627530805114,0.8007968127490039,0.13759552893828333,0.708641975308642,0.5502645502645502,0.6494708994708994,0.6802469135802469,ok,0.06380070546737215,250,334998306
mi_window_circularity,circularity_ablation_not_valid_for_primary_inference,C85,C,0.0,240,ok,0.38667407088340877,0.30400037075334446,0.01199063650607457,0.30677290836653387,0.38544934518208473,0.557051282051282,0.5231829573934837,0.5144110275689223,0.5916666666666667,ok,-0.021693657219973073,250,2080733589
mi_window_circularity,circularity_ablation_not_valid_for_primary_inference,C87,C,0.004166666666666667,239,ok,0.40884943137282853,0.6423206975209607,0.0027785465366628737,0.08764940239043825,0.3980986277905157,0.7444852941176471,0.8594276094276094,0.7154882154882155,0.7297794117647058,ok,-0.06461675579322634,250,1071667820
