n_trials,status,differential_norm,common_state_norm,differential_partial_r2,permutation_p,null_differential_norm_mean,subject,ablation
238,ok,0.28860430836097234,0.3283254240573665,0.0069627229950496305,0.8217821782178217,0.2993000095699022,A1,primary_reject_excluded
238,ok,1.5255856530710454,2.0023378743118054,0.0017317208578673249,0.9702970297029703,1.536342744969968,A5,primary_reject_excluded
238,ok,1.3572293646103772,2.33601370650603,0.0018107612044914179,0.9207920792079208,1.3725831703388263,A29,primary_reject_excluded
240,ok,1.3938615040128375,0.9414749324095282,0.002731202345599537,0.009900990099009901,1.3902344014675834,A33,primary_reject_excluded
239,ok,1.1720171138466604,1.926765977182185,0.0018536537341514725,0.9603960396039604,1.1743403736799756,A37,primary_reject_excluded
236,ok,1.161080427966732,0.9796906248486817,0.003060078308218528,0.009900990099009901,0.7525951297788853,A41,primary_reject_excluded
240,ok,0.05042294172333354,0.1286951651597795,0.0010669859334728748,0.7425742574257426,0.052719313403036684,A45,primary_reject_excluded
240,ok,0.5958913802238262,0.25327220193626687,0.005624905649625589,0.43564356435643564,0.5957632605106291,B69,primary_reject_excluded
238,ok,0.5192947473089423,1.0728501833881043,0.0012507249100148776,0.7425742574257426,0.5372241595133296,B73,primary_reject_excluded
239,ok,0.8873675542236019,1.0631326900191684,0.007172386148017407,0.009900990099009901,0.5581151070914206,B77,primary_reject_excluded
240,ok,0.5603473988856662,0.6001577092912151,0.00845105392475809,0.019801980198019802,0.5004128326704861,B81,primary_reject_excluded
240,ok,0.21368148052624633,0.0927980562799487,0.012501237318016445,0.7227722772277227,0.21818628600552162,C85,primary_reject_excluded
238,ok,0.4151774885155334,1.7405161121138815,0.0011276976498862945,0.7227722772277227,0.42560049496814917,A2,primary_reject_excluded
238,ok,2.012070136165059,0.7939791213254235,0.001605004534777743,0.009900990099009901,1.989111993321298,A6,primary_reject_excluded
236,ok,1.5091925812221292,1.3325132552266223,0.0008999700837113433,1.0,1.712340980770794,A14,primary_reject_excluded
240,ok,0.3158698419113821,2.439094353730953,0.0012743035199538344,1.0,0.3320109840986108,A18,primary_reject_excluded
239,ok,0.31094352046433243,0.2796143165630981,0.003582335362024569,0.15841584158415842,0.29732792279314074,A22,primary_reject_excluded
237,ok,1.0599451278642644,0.5678655764528399,0.002269534428817499,0.009900990099009901,1.040382788747057,A26,primary_reject_excluded
240,ok,0.6939653628091961,0.8346519402723417,0.004423601607928651,0.9207920792079208,0.7026135803765696,A34,primary_reject_excluded
240,ok,1.5702183366584708,1.9471748744606974,0.0012295522963950978,0.0594059405940594,1.55453151517538,A38,primary_reject_excluded
240,ok,0.10143362707341783,0.13360364240450356,0.004907629469193209,0.5841584158415841,0.10476457670800751,A42,primary_reject_excluded
240,ok,0.10670828555960847,0.11749676003621098,0.004552036714281726,0.1782178217821782,0.10196157459318353,A50,primary_reject_excluded
240,ok,0.06828326689588346,0.4414491822005694,0.005227738825593686,0.5544554455445545,0.07370927311154177,A54,primary_reject_excluded
239,ok,0.7712492290918775,0.32058797856473353,0.005732972767134914,0.009900990099009901,0.7041976021227013,B62,primary_reject_excluded
239,ok,0.539721386054122,0.5173377609088088,0.004755950038076384,0.009900990099009901,0.3848068389602461,B66,primary_reject_excluded
240,ok,0.5258513023504474,0.8385148911863742,0.0051321959641643655,0.019801980198019802,0.5004349726960787,B74,primary_reject_excluded
239,ok,1.3191215866876007,1.5199533478940044,0.0015718392413371918,0.039603960396039604,1.2910406790863687,B78,primary_reject_excluded
240,ok,0.9061850322460285,0.3187557233313556,0.002299559900025172,1.0,0.9404102929456748,C82,primary_reject_excluded
240,ok,0.6257649526627274,1.2783204299625508,0.003327606046691689,1.0,0.692372209990092,A3,primary_reject_excluded
240,ok,1.171705943814688,0.371003999648195,0.003942151269873406,0.19801980198019803,1.1700590028005062,A15,primary_reject_excluded
240,ok,0.8581640887542189,1.8371654193451254,0.0033930182837142997,0.009900990099009901,0.8562401627330851,A19,primary_reject_excluded
240,ok,0.2371609289399502,0.7875991181722795,0.0012492464751384658,0.009900990099009901,0.1782255880008111,A23,primary_reject_excluded
238,ok,1.4069827661374525,0.7363708052474603,0.00457070467891707,0.9603960396039604,1.415049581836692,A27,primary_reject_excluded
238,ok,0.731611959855078,1.333096731512238,0.0019245622913137694,0.0594059405940594,0.7190572377924311,A31,primary_reject_excluded
240,ok,1.283391836641622,2.0830844701245224,0.0024555397044191407,0.0891089108910891,1.2811663095314085,A35,primary_reject_excluded
239,ok,0.16268617543286112,0.25727045481170113,0.014188151127210613,0.21782178217821782,0.1611973400443042,A43,primary_reject_excluded
240,ok,0.05748225876651743,0.2410502571466303,0.003916235236983923,0.5544554455445545,0.06415896873755353,A51,primary_reject_excluded
240,ok,0.12105187864292477,0.45438010492025493,0.05425462742420406,0.15841584158415842,0.11196929986571863,A55,primary_reject_excluded
238,ok,0.5934187673611107,0.8245725382851457,0.009125649281221726,0.13861386138613863,0.5620135304850817,B63,primary_reject_excluded
239,ok,0.6294867083061495,0.423060392908729,0.007117829451329105,0.009900990099009901,0.3732732256584269,B67,primary_reject_excluded
237,ok,0.8750386415629554,1.6468110223792116,0.003672509488374498,0.9405940594059405,0.8986518549926799,B79,primary_reject_excluded
239,ok,0.09497929684719418,0.14363817463891038,0.009450096028829957,0.7128712871287128,0.09824482168412015,C83,primary_reject_excluded
238,ok,0.49965254932257785,0.3695206903836467,0.007384751425561498,0.009900990099009901,0.3746831538435083,C87,primary_reject_excluded
239,ok,0.43582081477403756,2.138590358658033,0.0033216870956873645,0.3069306930693069,0.4317801921396823,A4,primary_reject_excluded
240,ok,0.5596142820103744,2.0274905371956438,0.002050645213351854,0.009900990099009901,0.47282963154620977,A8,primary_reject_excluded
240,ok,1.070978681620708,0.628675052456826,0.0008275645384582253,0.9306930693069307,1.1042065770442127,A12,primary_reject_excluded
240,ok,0.3839502543404415,2.1790812514571374,0.0009466255246697308,0.9306930693069307,0.4142767845006709,A16,primary_reject_excluded
237,ok,0.4887035485081855,1.2888564451377509,0.005525599647799195,0.6237623762376238,0.49077605975000305,A20,primary_reject_excluded
232,ok,0.46092576959132414,1.0686026662450008,0.0034854942182004356,0.6039603960396039,0.46403169741022254,A40,primary_reject_excluded
240,ok,0.07576333089393311,0.26135359877371556,0.006816430129094608,0.7623762376237624,0.08847674820079567,A44,primary_reject_excluded
239,ok,0.21034767563727721,0.4517430332428642,0.017796241779585054,0.40594059405940597,0.20902937548919623,A48,primary_reject_excluded
237,ok,0.12519278614673993,0.19587261792250893,0.0043788745484094616,0.6138613861386139,0.12758800584030242,A52,primary_reject_excluded
240,ok,0.1492060945155654,0.48603170358080516,0.039286043054307274,0.0891089108910891,0.12466782878290467,A56,primary_reject_excluded
240,ok,0.06614997539441743,0.24585452841700506,0.006374557335548592,0.43564356435643564,0.0676076014116635,A60,primary_reject_excluded
238,ok,0.3792593311281419,0.7834046451829937,0.0037426854359249306,0.37623762376237624,0.37710236922806056,B64,primary_reject_excluded
239,ok,0.5123142671278129,1.4830189928262387,0.0027073113392956927,0.019801980198019802,0.47054775671763666,B68,primary_reject_excluded
240,ok,0.1824084066949849,0.33932394469709465,0.0020491402062767783,0.6633663366336634,0.19394084029530526,B80,primary_reject_excluded
240,ok,0.2883243018768334,0.3019009531372573,0.006034018103651118,0.7821782178217822,0.2998011599761336,A1,include_artifact_flagged_trials
240,ok,1.455732473004147,2.032465162409177,0.0017955699239906586,0.9801980198019802,1.4659707863449882,A5,include_artifact_flagged_trials
240,ok,1.4139411623717695,2.395828785188228,0.0019334929343207685,0.801980198019802,1.420928145830795,A29,include_artifact_flagged_trials
240,ok,1.3938615040128375,0.9414749324095282,0.002731202345599537,0.009900990099009901,1.3900027327628808,A33,include_artifact_flagged_trials
240,ok,1.1708108339852354,1.9261816907001,0.0017989477600993675,0.9801980198019802,1.1733388782247138,A37,include_artifact_flagged_trials
240,ok,1.1473005709482824,0.9957171220335859,0.0032515948465763334,0.009900990099009901,0.7513208367143666,A41,include_artifact_flagged_trials
240,ok,0.05042294172333354,0.1286951651597795,0.0010669859334728748,0.7524752475247525,0.052742814234808616,A45,include_artifact_flagged_trials
240,ok,0.5958913802238262,0.25327220193626687,0.005624905649625589,0.49504950495049505,0.5962723290976699,B69,include_artifact_flagged_trials
240,ok,0.5131215859120687,1.0837875035670963,0.0023870455939045687,0.7722772277227723,0.5349371227534327,B73,include_artifact_flagged_trials
240,ok,0.8813569092734064,1.0657053175949378,0.0071021503272614694,0.009900990099009901,0.5553434815578108,B77,include_artifact_flagged_trials
240,ok,0.5603473988856662,0.6001577092912151,0.00845105392475809,0.04950495049504951,0.5015177130108529,B81,include_artifact_flagged_trials
240,ok,0.21368148052624633,0.0927980562799487,0.012501237318016445,0.6732673267326733,0.21895872906335107,C85,include_artifact_flagged_trials
240,ok,0.41235791934583443,1.734894680137243,0.0011699781408129883,0.8910891089108911,0.4320062632839681,A2,include_artifact_flagged_trials
240,ok,1.9800281253098437,0.7919989997949721,0.0016996641121261868,0.009900990099009901,1.9561195157534126,A6,include_artifact_flagged_trials
240,ok,1.4248568088178666,1.392120693456452,0.0009595620827723694,1.0,1.640127266710739,A14,include_artifact_flagged_trials
240,ok,0.3158698419113821,2.439094353730953,0.0012743035199538344,1.0,0.3319011973898529,A18,include_artifact_flagged_trials
240,ok,0.2987087853283021,0.2795864956212687,0.0034432425433978953,0.13861386138613863,0.28471655908932886,A22,include_artifact_flagged_trials
240,ok,1.0328795746685508,0.5547516938732117,0.0022078935127175514,0.009900990099009901,1.0136651458881478,A26,include_artifact_flagged_trials
240,ok,0.6939653628091961,0.8346519402723417,0.004423601607928651,0.8712871287128713,0.7024017860917869,A34,include_artifact_flagged_trials
240,ok,1.5702183366584708,1.9471748744606974,0.0012295522963950978,0.019801980198019802,1.553009343435537,A38,include_artifact_flagged_trials
240,ok,0.10143362707341783,0.13360364240450356,0.004907629469193209,0.5742574257425742,0.10473391747782274,A42,include_artifact_flagged_trials
240,ok,0.10670828555960847,0.11749676003621098,0.004552036714281726,0.21782178217821782,0.10258910702877361,A50,include_artifact_flagged_trials
240,ok,0.06828326689588346,0.4414491822005694,0.005227738825593686,0.5148514851485149,0.07598554244537506,A54,include_artifact_flagged_trials
240,ok,0.7687112619776827,0.3223895590020266,0.005780135890303684,0.009900990099009901,0.7033412808515759,B62,include_artifact_flagged_trials
240,ok,0.5144047414953963,0.5291494537844142,0.005597447318810844,0.009900990099009901,0.3844191441550365,B66,include_artifact_flagged_trials
240,ok,0.5258513023504474,0.8385148911863742,0.0051321959641643655,0.019801980198019802,0.4997278019754024,B74,include_artifact_flagged_trials
240,ok,1.3119338640078337,1.5398960630431153,0.0015165609201294172,0.0297029702970297,1.283069984362961,B78,include_artifact_flagged_trials
240,ok,0.9061850322460285,0.3187557233313556,0.002299559900025172,1.0,0.9380064889480483,C82,include_artifact_flagged_trials
240,ok,0.6257649526627274,1.2783204299625508,0.003327606046691689,1.0,0.6939047607145031,A3,include_artifact_flagged_trials
240,ok,1.171705943814688,0.371003999648195,0.003942151269873406,0.3069306930693069,1.1706925059643338,A15,include_artifact_flagged_trials
240,ok,0.8581640887542189,1.8371654193451254,0.0033930182837142997,0.009900990099009901,0.8562722819107417,A19,include_artifact_flagged_trials
240,ok,0.2371609289399502,0.7875991181722795,0.0012492464751384658,0.009900990099009901,0.17586767094786573,A23,include_artifact_flagged_trials
240,ok,1.4094496792854518,0.7298557661790953,0.004628698112219332,0.9801980198019802,1.4182259862404976,A27,include_artifact_flagged_trials
240,ok,0.7545879049362804,1.3231544528779176,0.0017964273383136442,0.04950495049504951,0.7410260439267011,A31,include_artifact_flagged_trials
240,ok,1.283391836641622,2.0830844701245224,0.0024555397044191407,0.0891089108910891,1.2810559664973475,A35,include_artifact_flagged_trials
240,ok,0.16700859443289642,0.2618726366801227,0.013898737233458247,0.25742574257425743,0.16661826891708043,A43,include_artifact_flagged_trials
240,ok,0.05748225876651743,0.2410502571466303,0.003916235236983923,0.594059405940594,0.0652465433508897,A51,include_artifact_flagged_trials
240,ok,0.12105187864292477,0.45438010492025493,0.05425462742420406,0.12871287128712872,0.11093085967397295,A55,include_artifact_flagged_trials
240,ok,0.605034151697706,0.8661869811707943,0.008726590835210879,0.0297029702970297,0.5324875838166934,B63,include_artifact_flagged_trials
240,ok,0.6541633395075618,0.42492623803675156,0.007061149551595203,0.009900990099009901,0.3706094790266697,B67,include_artifact_flagged_trials
240,ok,0.8646655047457406,1.6606762726910202,0.0048166526746245,0.9504950495049505,0.8890301233743837,B79,include_artifact_flagged_trials
240,ok,0.09103524171826326,0.14398863110137625,0.009022304056866992,0.7128712871287128,0.09518141285274312,C83,include_artifact_flagged_trials
240,ok,0.5191194942369526,0.3404976208687127,0.00704088461718988,0.009900990099009901,0.4027235862397875,C87,include_artifact_flagged_trials
240,ok,0.4326269539933431,2.186414474566591,0.0030913864840352856,0.45544554455445546,0.4337810325344661,A4,include_artifact_flagged_trials
240,ok,0.5596142820103744,2.0274905371956438,0.002050645213351854,0.009900990099009901,0.47417703861501903,A8,include_artifact_flagged_trials
240,ok,1.070978681620708,0.628675052456826,0.0008275645384582253,0.9306930693069307,1.1037635083347215,A12,include_artifact_flagged_trials
240,ok,0.3839502543404415,2.1790812514571374,0.0009466255246697308,0.9207920792079208,0.41275492823588017,A16,include_artifact_flagged_trials
240,ok,0.7457512634281228,0.9395187402639661,0.004702481787434709,0.32673267326732675,0.7454368085572205,A20,include_artifact_flagged_trials
232,ok,0.46092576959132414,1.0686026662450008,0.0034854942182004356,0.6732673267326733,0.4659374393493108,A40,include_artifact_flagged_trials
240,ok,0.07576333089393311,0.26135359877371556,0.006816430129094608,0.7326732673267327,0.0873142259559441,A44,include_artifact_flagged_trials
240,ok,0.21617295866055736,0.4527938889961017,0.017109796210487582,0.36633663366336633,0.20410496211484094,A48,include_artifact_flagged_trials
240,ok,0.11355485932696967,0.19644650019863436,0.004372471837605918,0.7227722772277227,0.11685359686063727,A52,include_artifact_flagged_trials
240,ok,0.1492060945155654,0.48603170358080516,0.039286043054307274,0.06930693069306931,0.12274440341214309,A56,include_artifact_flagged_trials
240,ok,0.06614997539441743,0.24585452841700506,0.006374557335548592,0.42574257425742573,0.06777663812428929,A60,include_artifact_flagged_trials
240,ok,0.36854102166157343,0.7904207738555197,0.0029087602003308177,0.7227722772277227,0.3745940497873869,B64,include_artifact_flagged_trials
240,ok,0.5148930532936189,1.4879408000999021,0.0026117128419737012,0.019801980198019802,0.4674282399230082,B68,include_artifact_flagged_trials
240,ok,0.1824084066949849,0.33932394469709465,0.0020491402062767783,0.6633663366336634,0.1953658550835112,B80,include_artifact_flagged_trials
78,ok,0.3742064961808563,0.41222881159831015,0.03249061780303153,0.009900990099009901,0.26025296928034186,A1,open_loop_R1_R2
79,ok,0.18544210253008142,0.41034796068470125,0.02126597299188482,0.5643564356435643,0.19002861281833358,A5,open_loop_R1_R2
78,ok,0.4148721728295862,0.24160155641168077,0.010337542552830481,0.0297029702970297,0.3811607859061707,A29,open_loop_R1_R2
80,ok,0.2588208623682835,0.13810759794734162,0.009688144461323933,0.4752475247524752,0.25974057891132185,A33,open_loop_R1_R2
80,ok,0.16335491211314918,0.12382637223906877,0.011665797252122467,0.3069306930693069,0.15434664172683804,A37,open_loop_R1_R2
79,ok,0.1778887865683023,0.2975170134657393,0.009827604541095436,0.5544554455445545,0.18173857283691056,A41,open_loop_R1_R2
80,ok,0.07742045623862187,0.2379329032599106,0.018499027476177154,0.06930693069306931,0.060028925580764794,A45,open_loop_R1_R2
80,ok,0.29597322111393026,0.26470543296013055,0.013212430574885303,0.48514851485148514,0.2975586583762655,B69,open_loop_R1_R2
80,ok,0.40264415853297797,0.16796303342804436,0.01161443688491337,0.6336633663366337,0.40640932064821167,B73,open_loop_R1_R2
79,ok,0.14636816577997072,0.15834822451415428,0.011215201224922255,0.24752475247524752,0.14140217268634023,B77,open_loop_R1_R2
80,ok,0.20576399511648033,0.09328142119262878,0.012486390824305027,0.16831683168316833,0.19434648969571938,B81,open_loop_R1_R2
80,ok,0.23287506710796285,0.3475354668987864,0.012343228061666878,0.8613861386138614,0.24375300931915195,C85,open_loop_R1_R2
78,ok,0.23690705887896055,0.33308833392373816,0.005911332291852589,0.9504950495049505,0.2495781117966588,A2,open_loop_R1_R2
80,ok,0.20162795768326292,0.193386519590711,0.010190195913072242,0.9405940594059405,0.22260993741725343,A6,open_loop_R1_R2
77,ok,0.14632789532773516,0.33300562334083045,0.01158493189292753,0.019801980198019802,0.10492096738128547,A14,open_loop_R1_R2
80,ok,0.21842978716171715,0.24132436243582817,0.009369004468838371,0.9108910891089109,0.23329209298461556,A18,open_loop_R1_R2
80,ok,0.16741982650839662,0.47843779974611,0.011563974337005845,0.7722772277227723,0.17393308364911303,A22,open_loop_R1_R2
77,ok,0.28166911195431854,0.16965667996135786,0.012771902716549155,0.0594059405940594,0.260733727494028,A26,open_loop_R1_R2
80,ok,0.2243462664535825,0.3433847930544014,0.010231231839713861,0.8613861386138614,0.2356605023212729,A34,open_loop_R1_R2
80,ok,0.15573707513132304,0.14247164852813574,0.006852369970735017,0.693069306930693,0.16118450374312637,A38,open_loop_R1_R2
80,ok,0.17239543591982842,0.17041187268873595,0.013140217841177693,1.0,0.18962418368634232,A42,open_loop_R1_R2
80,ok,0.17522819522534377,0.26348760079350103,0.012921715298782832,0.1485148514851485,0.15995948022260958,A50,open_loop_R1_R2
80,ok,0.10523034613877269,0.20695018168668133,0.013871026273066245,0.7029702970297029,0.12051041738317694,A54,open_loop_R1_R2
80,ok,0.5306778735315062,0.4554627376164064,0.013433858632107554,0.2376237623762376,0.5275297066101754,B62,open_loop_R1_R2
80,ok,0.2083344866047653,0.2779365181803057,0.010316032103752426,0.6534653465346535,0.21188977355276017,B66,open_loop_R1_R2
80,ok,0.2787836351768476,0.43710672011578966,0.015302192450361685,0.009900990099009901,0.21215635206044284,B74,open_loop_R1_R2
80,ok,0.2311236360847581,0.36604890008630975,0.0060350080519612215,0.297029702970297,0.2267087165718599,B78,open_loop_R1_R2
80,ok,0.2705929064004387,0.3973176347277863,0.010535989175655125,0.009900990099009901,0.15529051332235802,C82,open_loop_R1_R2
80,ok,0.14940048170760967,0.14097029383616766,0.008813839641668264,0.7623762376237624,0.15906516493624945,A3,open_loop_R1_R2
80,ok,0.20315724493849885,0.3155970649560278,0.012612491726845865,0.6435643564356436,0.21044684807680372,A15,open_loop_R1_R2
80,ok,0.21055838898066948,0.22357416684659337,0.014971354053357255,0.9603960396039604,0.21941329777835128,A19,open_loop_R1_R2
80,ok,0.02501722829939969,0.2768549408438391,0.00763367251217284,1.0,0.06033184389595608,A23,open_loop_R1_R2
80,ok,0.19870645157967368,0.28739746393627363,0.01824629885916995,0.009900990099009901,0.13559469999020027,A27,open_loop_R1_R2
80,ok,0.1691401870133419,0.267115803108485,0.010644450183351806,0.8613861386138614,0.18179879690923495,A31,open_loop_R1_R2
80,ok,0.5188170757569978,0.42759819320587794,0.008413151893798765,0.039603960396039604,0.49827868248510926,A35,open_loop_R1_R2
79,ok,0.383022713616069,0.2365083849820506,0.014901930352510417,0.0297029702970297,0.35154275957150694,A43,open_loop_R1_R2
80,ok,0.1779315942685899,0.31341385343817785,0.01193037756209614,0.1485148514851485,0.14807134742110545,A51,open_loop_R1_R2
80,ok,0.2763208354507425,0.47430172096512224,0.01559867283664651,0.12871287128712872,0.2620822198014714,A55,open_loop_R1_R2
79,ok,0.3381192600970134,0.4904816876522489,0.018170136127176884,0.19801980198019803,0.3316581598518324,B63,open_loop_R1_R2
79,ok,0.17073960942696412,0.34730233526454574,0.011623660054122298,0.7029702970297029,0.18060357908507652,B67,open_loop_R1_R2
77,ok,0.5780705436659206,0.35902684423945647,0.017520861292084744,0.5346534653465347,0.5796587087181022,B79,open_loop_R1_R2
79,ok,0.17971852188246626,0.34570207634630995,0.01244868219813755,1.0,0.199435632749346,C83,open_loop_R1_R2
78,ok,0.39336440076261453,0.4506401198988561,0.011393352643245369,0.36633663366336633,0.3924903595076759,C87,open_loop_R1_R2
80,ok,0.2816284014249781,0.7149935086725556,0.0040643826538216965,0.40594059405940597,0.27818277226628213,A4,open_loop_R1_R2
80,ok,0.19817724305266993,0.3225649037884707,0.011282288191438838,0.07920792079207921,0.16894028194268412,A8,open_loop_R1_R2
80,ok,0.22446936491686445,0.40964761451863746,0.009138352307948905,0.04950495049504951,0.18542476528511162,A12,open_loop_R1_R2
80,ok,0.1456876308303857,0.17649603145260884,0.00896478803492251,0.07920792079207921,0.10585686310451317,A16,open_loop_R1_R2
79,ok,0.39759433075376877,0.21152613893112385,0.008053908228896067,1.0,0.4176492910536056,A20,open_loop_R1_R2
80,ok,0.12002534246698611,0.3330071561198558,0.012389799713881877,0.8811881188118812,0.1359453167848174,A40,open_loop_R1_R2
80,ok,0.11543823171964775,0.2733135476981342,0.012046108205998163,0.594059405940594,0.12383535472295566,A44,open_loop_R1_R2
79,ok,0.39479715358170897,0.37371147792627485,0.012919504002207205,0.019801980198019802,0.3609342251515406,A48,open_loop_R1_R2
77,ok,0.21914998589606713,0.2862430324003113,0.012574974157927299,0.8613861386138614,0.23114293085690213,A52,open_loop_R1_R2
80,ok,0.1082132234282292,0.32129224368189363,0.011609009887400545,0.5742574257425742,0.12232154002561371,A56,open_loop_R1_R2
80,ok,0.1264977004014479,0.14594054486602018,0.014852415791262952,0.12871287128712872,0.10043594667887534,A60,open_loop_R1_R2
80,ok,0.11692613583167735,0.3944082144936669,0.012496325552523557,0.7524752475247525,0.14069362581888206,B64,open_loop_R1_R2
80,ok,0.25438161973545864,0.5437166207477151,0.013426308687735089,0.2079207920792079,0.23665444607278247,B68,open_loop_R1_R2
80,ok,0.11543999223420652,0.34236513675064034,0.009031551327151832,0.37623762376237624,0.10486295074495447,B80,open_loop_R1_R2
238,ok,0.29436986773697343,0.37108505381298307,0.0025062470105310375,0.5544554455445545,0.2985988606081272,A1,circular_sensorimotor_idle_proxy
238,ok,1.5035214676581983,1.938440075187046,0.0015398651717856149,0.5544554455445545,1.505494804009213,A5,circular_sensorimotor_idle_proxy
238,ok,1.3341526385191618,2.3296731222017772,0.002468509846509259,0.4158415841584158,1.3333778284816156,A29,circular_sensorimotor_idle_proxy
240,ok,1.3723735887246546,0.8731199658118424,0.0027248353541891035,0.7425742574257426,1.3728586883544842,A33,circular_sensorimotor_idle_proxy
239,ok,1.1809140189284393,1.8822253167912035,0.0016231655162584069,0.06930693069306931,1.1794541169566777,A37,circular_sensorimotor_idle_proxy
236,ok,0.6292209238151397,0.9848564061101639,0.002106619798853071,0.33663366336633666,0.6282745994786767,A41,circular_sensorimotor_idle_proxy
240,ok,0.05084822274325486,0.1094760633570969,0.0009579157494866708,0.9603960396039604,0.051970974820095925,A45,circular_sensorimotor_idle_proxy
240,ok,0.6092469644991263,0.18104816279431002,0.004085755406850189,0.21782178217821782,0.6020321325751592,B69,circular_sensorimotor_idle_proxy
238,ok,0.4969931944045453,0.9999538605881431,0.009075158598261024,0.019801980198019802,0.4329978551168022,B73,circular_sensorimotor_idle_proxy
239,ok,0.5256174622309945,0.6940184391295466,0.0020166639129752806,0.5247524752475248,0.5299247951287702,B77,circular_sensorimotor_idle_proxy
240,ok,0.5514830341265037,0.40297395397081837,0.007233158034987031,0.504950495049505,0.5599207898598665,B81,circular_sensorimotor_idle_proxy
240,ok,0.2225336945278794,0.09167668635477476,0.013066366675319685,0.09900990099009901,0.21895030240314392,C85,circular_sensorimotor_idle_proxy
238,ok,0.4833647326561361,1.7812588824455027,0.0015602605944227133,0.38613861386138615,0.4770689190720418,A2,circular_sensorimotor_idle_proxy
238,ok,1.9619417848167264,0.7969355755447756,0.001417912499800722,0.6336633663366337,1.9639160729579768,A6,circular_sensorimotor_idle_proxy
236,ok,1.3964063979131123,1.206744245149849,0.0009724309484909766,0.1782178217821782,1.3916714795279927,A14,circular_sensorimotor_idle_proxy
240,ok,0.3138689743965679,2.4732709479949255,0.0012834723395909187,0.19801980198019803,0.3135353514086432,A18,circular_sensorimotor_idle_proxy
239,ok,0.29058316966597697,0.28171995214693507,0.003750761605006536,0.5445544554455446,0.296642116217326,A22,circular_sensorimotor_idle_proxy
237,ok,1.0462355422027483,0.5664921514155932,0.002156783395861339,0.009900990099009901,1.0400080458156389,A26,circular_sensorimotor_idle_proxy
240,ok,0.7413373855807913,0.8292033366640233,0.004310759741161796,0.039603960396039604,0.7185736285869847,A34,circular_sensorimotor_idle_proxy
240,ok,1.4954953481889028,1.9639851832094228,0.001089737066571117,0.06930693069306931,1.4861619768639176,A38,circular_sensorimotor_idle_proxy
240,ok,0.10377456340061568,0.12734594261106963,0.004433886274881393,0.27722772277227725,0.1023572842763,A42,circular_sensorimotor_idle_proxy
240,ok,0.09973195529587155,0.1189972549700676,0.004556862259642025,0.009900990099009901,0.09733926611615087,A50,circular_sensorimotor_idle_proxy
240,ok,0.0732289398630007,0.423940778149784,0.005434091266527941,0.49504950495049505,0.07339917317411945,A54,circular_sensorimotor_idle_proxy
239,ok,0.7194552063092207,0.35207889590424235,0.004303652211704034,0.46534653465346537,0.7203394189478413,B62,circular_sensorimotor_idle_proxy
239,ok,0.4174147590806461,0.5401748829092464,0.0030618167987110922,0.13861386138613863,0.4017736918478006,B66,circular_sensorimotor_idle_proxy
240,ok,0.4768865191958768,0.36035045820578804,0.00485349548083458,0.2871287128712871,0.47486986461526953,B74,circular_sensorimotor_idle_proxy
239,ok,1.2895021218319238,1.5367741075744972,0.000609047438695498,0.7821782178217822,1.3041656190369288,B78,circular_sensorimotor_idle_proxy
240,ok,0.9229353432422529,0.322806060985693,0.0017237936045779723,0.09900990099009901,0.9146634564822329,C82,circular_sensorimotor_idle_proxy
240,ok,0.5678926380994087,1.2407820617484033,0.003314385919242935,0.2079207920792079,0.5544370302268015,A3,circular_sensorimotor_idle_proxy
240,ok,1.2398421863024924,0.3428909728694682,0.003888129404854168,0.9108910891089109,1.2530341348547498,A15,circular_sensorimotor_idle_proxy
240,ok,0.8580018019143973,1.8455967681964525,0.0035657880702479883,0.2079207920792079,0.8576516648349457,A19,circular_sensorimotor_idle_proxy
240,ok,0.17079666155786372,0.7827284732855997,0.0012999740066934606,0.8514851485148515,0.17911466685501,A23,circular_sensorimotor_idle_proxy
238,ok,1.3994724043052773,0.6972158229535675,0.004117057264252821,0.22772277227722773,1.3975164236542619,A27,circular_sensorimotor_idle_proxy
238,ok,0.7290941903475752,1.3402354669741066,0.001999845823672408,0.009900990099009901,0.7054611289799333,A31,circular_sensorimotor_idle_proxy
240,ok,1.2798070744937298,2.056371257282116,0.0025962149250766675,0.9306930693069307,1.282877595458075,A35,circular_sensorimotor_idle_proxy
239,ok,0.1593083098533346,0.23168273843688372,0.01322225676829858,0.46534653465346537,0.15937639584998414,A43,circular_sensorimotor_idle_proxy
240,ok,0.05308541612000528,0.15185598773648493,0.004129883089905029,0.5544554455445545,0.05435620001256421,A51,circular_sensorimotor_idle_proxy
240,ok,0.11214157458471441,0.453609957777129,0.0582961036273153,0.13861386138613863,0.10882379040788638,A55,circular_sensorimotor_idle_proxy
238,ok,0.5140359857146157,0.65157021526709,0.0028633587437753016,0.4158415841584158,0.5211934593340652,B63,circular_sensorimotor_idle_proxy
239,ok,0.37446736986723045,0.3057654042509709,0.002100439112302399,0.6336633663366337,0.3814086313542807,B67,circular_sensorimotor_idle_proxy
237,ok,0.8883323738359743,1.6459029350319838,0.0012843041433537872,0.36633663366336633,0.8856355132362056,B79,circular_sensorimotor_idle_proxy
239,ok,0.09405315910811554,0.1280928878439877,0.009121967202468273,0.9504950495049505,0.09472371822951749,C83,circular_sensorimotor_idle_proxy
238,ok,0.396571951106692,0.37651589223320137,0.0023338681587283805,0.9108910891089109,0.40505533453505516,C87,circular_sensorimotor_idle_proxy
239,ok,0.41517705149025014,2.0018949877424874,0.003182287284435148,0.6534653465346535,0.4166621271643413,A4,circular_sensorimotor_idle_proxy
240,ok,0.48876389509708246,2.077605279208756,0.00197637924934857,0.38613861386138615,0.48790625370686624,A8,circular_sensorimotor_idle_proxy
240,ok,1.1339698647140584,0.9802527024805835,0.00088630060490269,0.9108910891089109,1.147061623023241,A12,circular_sensorimotor_idle_proxy
240,ok,0.20204592613371297,2.1409337607773495,0.0009300599670029053,0.4158415841584158,0.2001807858451633,A16,circular_sensorimotor_idle_proxy
237,ok,0.4966417080802404,1.2827465850148663,0.005898574849081517,0.8712871287128713,0.5109553906656487,A20,circular_sensorimotor_idle_proxy
232,ok,0.4457197648218907,1.0042898754157497,0.003535747726148508,0.33663366336633666,0.44558033993584867,A40,circular_sensorimotor_idle_proxy
240,ok,0.086074537014967,0.24287571066333996,0.007112197842476076,0.7128712871287128,0.09050039472549237,A44,circular_sensorimotor_idle_proxy
239,ok,0.2389877285298454,0.4579412879663368,0.01788932110680075,0.009900990099009901,0.213230672336788,A48,circular_sensorimotor_idle_proxy
237,ok,0.13129005946103411,0.19693632701205704,0.004427563950815783,0.009900990099009901,0.12625086549593292,A52,circular_sensorimotor_idle_proxy
240,ok,0.12942665140413784,0.4877026166017315,0.04049649196228666,0.12871287128712872,0.1220277339727263,A56,circular_sensorimotor_idle_proxy
240,ok,0.06341860897014405,0.1900239195977921,0.006613585577165071,0.3069306930693069,0.06324119893775365,A60,circular_sensorimotor_idle_proxy
238,ok,0.3514146315032394,0.8383552033122867,0.004032000007854308,0.39603960396039606,0.3520586021994769,B64,circular_sensorimotor_idle_proxy
239,ok,0.44981859288855536,1.4813461242499464,0.002626805285979361,0.6633663366336634,0.45758340575028306,B68,circular_sensorimotor_idle_proxy
240,ok,0.2113282640777761,0.34034318552362575,0.0036847341589560934,0.15841584158415842,0.18960339694776923,B80,circular_sensorimotor_idle_proxy
