feature,mean,std,count
alpha_peak_hz,-0.004381465376263015,0.07511556022441157,87
aperiodic_exponent,-0.09425207931972245,0.22105098548428231,87
aperiodic_offset,0.38307606366172514,0.19533197556423956,87
blink_amplitude,0.33763681623279196,0.15991308466794835,87
blink_event_count,0.0027346988211426645,0.2225840071078512,87
emg_rms_20_45hz,0.2756552514256631,0.19560356872228685,87
frontal_midline_theta_logpower,0.3492305803870334,0.16532472449582997,87
posterior_alpha_logpower,0.3229088458913024,0.14326174329170469,87
slow_eye_logpower,0.3814983493192892,0.17882302463547706,87
