status,n_trials,rss_fixed_template_only,rss_template_plus_time_trend,rss_template_plus_time_and_nuisance,rss_remove_state,rss_remove_differential_term,rss_remove_nuisance_covariates,rss_state_on_template_time_nuisance,rss_h1_differential_full,rss_h1b_common_state_only,partial_r2_time_over_template,partial_r2_nuisance_over_time,partial_r2_common_state_over_controls,partial_r2_differential_over_common,partial_r2_state_terms_over_no_state,partial_r2_nuisance_contribution,subject,dataset,validity_label,seed
ok,238,3234.5156672449134,2326.07815474414,2273.4189052593824,2273.4189052593824,2265.700454135212,2292.1437885420855,2265.700454135212,2249.9250094833105,2265.700454135212,0.28085735422470826,0.022638641516561586,0.003395085307997703,0.0069627229950496305,0.010334169264503146,0.018418905161978638,A1,A,fixed_ablation_grid_sensitivity,3645315383
ok,238,7362.385300675322,5434.534599834849,4511.102665543669,4511.102665543669,4479.061849879562,4592.4669563940915,4479.061849879562,4471.305365050448,4479.061849879562,0.2618513731770651,0.16991922994091213,0.0071026571638102,0.0017317208578673249,0.008822078202120553,0.026382681137193664,A5,A,fixed_ablation_grid_sensitivity,2068538117
ok,238,5952.233621728863,4533.928400348386,3725.115126017804,3725.115126017804,3689.468235735044,3745.1102018809843,3689.468235735044,3682.7874897885713,3689.468235735044,0.23828117502023072,0.17839127637490548,0.00956933922223957,0.0018107612044914179,0.011362772638514818,0.016641088975462237,A29,A,fixed_ablation_grid_sensitivity,2532295769
ok,240,2752.993348735492,2014.7506718482095,1743.3174831528854,1743.3174831528854,1731.514546455683,1744.78006913537,1731.514546455683,1726.7854298649636,1731.514546455683,0.26815999291330395,0.1347229672078123,0.006770388532934324,0.002731202345599537,0.00948309957749216,0.010313414044971103,A33,A,fixed_ablation_grid_sensitivity,39671958
ok,239,2849.025557487479,2116.183270483693,1594.2650845988753,1594.2650845988753,1548.118142347882,1819.1382647879802,1548.118142347882,1545.2484673724111,1548.118142347882,0.2572255924759309,0.24663184572171937,0.028945589222763468,0.0018536537341514725,0.03074558785736503,0.15056018704960328,A37,A,fixed_ablation_grid_sensitivity,2407716403
ok,236,12311.840015214355,7796.339226221056,7394.938181912867,7394.938181912867,7041.652093814237,7635.433810003813,7041.652093814237,7020.104086987934,7041.652093814237,0.3667608402491641,0.051485836193245205,0.047774042109334336,0.003060078308218528,0.050687928107598146,0.08058870502022875,A41,A,fixed_ablation_grid_sensitivity,1099553953
ok,240,21181.413033788223,8632.631587316126,2255.8258691364385,2255.8258691364385,2182.4628789099093,2343.271717977905,2182.4628789099093,2180.1342217177857,2182.4628789099093,0.5924430738617155,0.7386861878304978,0.03252156615023383,0.0010669859334728748,0.03355385203008976,0.0696195387878008,A45,A,fixed_ablation_grid_sensitivity,2853786294
ok,240,3607.8410352505616,2717.4273772226074,2683.172279181541,2683.172279181541,2676.7593070889216,2681.7212174340025,2676.7593070889216,2661.7027885397893,2676.7593070889216,0.24679958161352744,0.012605708740624166,0.0023900709404226506,0.005624905649625589,0.008001532666512379,0.007464768807463051,B69,B,fixed_ablation_grid_sensitivity,286978586
ok,238,6954.285995311599,4738.866315707846,4392.511134932878,4392.511134932878,4280.15874123782,4589.055461480835,4280.15874123782,4274.805440081336,4280.15874123782,0.31856896324041495,0.0730881940321697,0.025578169353183577,0.0012507249100148776,0.026796903009635886,0.06847814850729528,B73,B,fixed_ablation_grid_sensitivity,2312406473
ok,239,5240.083834030942,4191.858919481847,3746.280937372627,3746.280937372627,3677.8328226245317,4147.455667681395,3677.8328226245317,3651.453985432816,3677.8328226245317,0.2000397222161895,0.10629603492578843,0.018270950815583942,0.007172386148017407,0.025312290649060487,0.11959179844009415,B77,B,fixed_ablation_grid_sensitivity,2855606156
ok,240,8045.835062810711,5414.389914951195,4803.079165093508,4803.079165093508,4752.650727016856,5345.1813108179895,4752.650727016856,4712.4858194372955,4752.650727016856,0.32705680980492946,0.11290482574400951,0.010499189445625223,0.00845105392475809,0.01886151415421211,0.11836745183932229,B81,B,fixed_ablation_grid_sensitivity,3956372772
ok,240,11941.447565023234,4254.15469374757,813.5365941713244,813.5365941713244,760.4283844785953,827.7882345037787,760.4283844785953,750.9220887808725,760.4283844785953,0.643748827721014,0.8087665699211648,0.06528066478291072,0.012501237318016445,0.07696581301819816,0.09285725807516931,C85,C,fixed_ablation_grid_sensitivity,3203814161
ok,238,6165.967369247604,3912.8278265485465,2887.017550495319,2887.017550495319,2724.766309189993,2872.0737946766585,2724.766309189993,2721.69359662663,2724.766309189993,0.3654154178525916,0.26216596321798324,0.05620029614211697,0.0011276976498862945,0.05726461685012085,0.05235944784174962,A2,A,fixed_ablation_grid_sensitivity,874789805
ok,238,4519.620875243796,3351.7853494107385,2846.0983924479838,2846.0983924479838,2828.513902162516,2857.265611486544,2828.513902162516,2823.9741245228633,2828.513902162516,0.25839236477330907,0.15087092526723322,0.0061784548039968135,0.001605004534777743,0.007773542890796126,0.011651519841153313,A6,A,fixed_ablation_grid_sensitivity,1489364615
ok,236,5363.072394862731,3858.9850711548497,2869.123123439431,2869.123123439431,2838.4832234681317,3021.0333691297546,2838.4832234681317,2835.928673483894,2838.4832234681317,0.2804525490181041,0.2565083641070397,0.010679186167015686,0.0008999700837113433,0.011569545302658302,0.06127197982562582,A14,A,fixed_ablation_grid_sensitivity,106024358
ok,240,5521.773474011145,3692.0860788498544,2936.391215153486,2936.391215153486,2632.6893084078065,2718.029080373284,2632.6893084078065,2629.3344631551577,2632.6893084078065,0.33135864840760354,0.20467964385374782,0.10342692253620744,0.0012743035199538344,0.10456942876471531,0.03263196036370053,A18,A,fixed_ablation_grid_sensitivity,2141091154
ok,239,2438.3012987128022,1805.038701489896,1132.5578982291997,1132.5578982291997,1117.373063393402,1143.1916008052324,1117.373063393402,1113.370258355834,1117.373063393402,0.2597146618251035,0.37255755386608846,0.013407557229118128,0.003582335362024569,0.01694186222476246,0.02608604054507835,A22,A,fixed_ablation_grid_sensitivity,3874593655
ok,237,2972.571622693019,2019.6992232609891,1606.6570909353418,1606.6570909353418,1600.346413307063,1620.19350109554,1600.346413307063,1596.7143720240279,1600.346413307063,0.3205549000594877,0.20450675405952434,0.003927831062323972,0.002269534428817499,0.00618845114331501,0.014491558604349364,A26,A,fixed_ablation_grid_sensitivity,424421963
ok,240,2022.8818212391702,1569.0955649817754,1316.6289379909845,1316.6289379909845,1308.891977327516,1333.0806654372072,1308.891977327516,1303.1019606720051,1308.891977327516,0.22432662723688723,0.16089945865962807,0.005876341040531918,0.004423601607928651,0.010273948056784943,0.022488290125616706,A34,A,fixed_ablation_grid_sensitivity,2351257472
ok,240,9550.923791924792,6691.067083498842,5064.165145830597,5064.165145830597,5036.76943592554,5089.787559763656,5036.76943592554,5030.576464499185,5036.76943592554,0.29943247069397927,0.24314536341750714,0.00540971890057973,0.0012295522963950978,0.0066326196646777635,0.011633313683375057,A38,A,fixed_ablation_grid_sensitivity,3334852185
ok,240,12028.708771145313,4456.385848567946,1011.156878056867,1011.156878056867,960.0484071034967,1122.5055555511115,960.0484071034967,955.3368452489436,960.0484071034967,0.6295208460563941,0.7730993427371642,0.05054455155522952,0.004907629469193209,0.05520412709370315,0.14892461732191054,A42,A,fixed_ablation_grid_sensitivity,1724369072
ok,240,10451.827434081191,3515.374439790432,554.3279694644496,554.3279694644496,517.0579961376659,580.0840374852278,517.0579961376659,514.7043291558343,517.0579961376659,0.6636593493375578,0.8423132502785405,0.06723451707261163,0.004552036714281726,0.07148049979671178,0.11270730463955991,A50,A,fixed_ablation_grid_sensitivity,2737443699
ok,240,15400.24902635266,5406.734909074959,986.1645993126525,986.1645993126525,911.4631831946414,1028.4893368808075,911.4631831946414,906.6982917237556,911.4631831946414,0.6489189947628093,0.817604410814109,0.07574943997186401,0.005227738825593686,0.08058118050909979,0.11841741162472197,A54,A,fixed_ablation_grid_sensitivity,946726682
ok,239,4392.650548064201,3302.698868309346,3103.3656912345614,3103.3656912345614,3080.3714417422393,3256.5132300147634,3080.3714417422393,3062.711756154071,3080.3714417422393,0.24813075108721916,0.060354632687667165,0.0074094553398167395,0.005732972767134914,0.013099949901269281,0.05951195655354791,B62,B,fixed_ablation_grid_sensitivity,85510238
ok,239,4024.244090093121,3040.896549299379,2986.7315383391897,2986.7315383391897,2974.329449646656,3009.5462624899524,2974.329449646656,2960.183687387357,2974.329449646656,0.24435583895483526,0.017812184690291,0.004152394861518083,0.004755950038076384,0.008888596317094821,0.016401999104594278,B66,B,fixed_ablation_grid_sensitivity,1469430506
ok,240,3698.2819207827656,2747.5738462227687,2636.1547546082056,2636.1547546082056,2572.543304027453,2669.4016560380974,2572.543304027453,2559.340507664885,2572.543304027453,0.25706749645488713,0.040551809651171555,0.024130393130204153,0.0051321959641643655,0.02913874718813192,0.04123064362541984,B74,B,fixed_ablation_grid_sensitivity,1965661872
ok,239,12888.314101816199,10926.274249422579,10182.63973358933,10182.63973358933,10026.635449665246,10764.167183268613,10026.635449665246,10010.87519060688,10026.635449665246,0.15223401888670085,0.06805929439969405,0.015320613122496662,0.0015718392413371918,0.01686837082292658,0.06998144676093665,B78,B,fixed_ablation_grid_sensitivity,1376760847
ok,240,6120.841197407883,4637.338410681796,4521.821216375132,4521.821216375132,4358.8626581562685,4457.228052086163,4358.8626581562685,4348.839192377855,4358.8626581562685,0.24236910236363196,0.024910236018268028,0.036038257688900344,0.002299559900025172,0.03825494545667729,0.02431754858438917,C82,C,fixed_ablation_grid_sensitivity,2772190272
ok,240,10327.5228141467,4975.224998217871,2330.186264045128,2330.186264045128,2274.5814485267347,2343.5420972005886,2274.5814485267347,2267.0125375449243,2274.5814485267347,0.5182557242669288,0.5316420332990363,0.02386282005708218,0.003327606046691689,0.027111020039460865,0.03265550883300994,A3,A,fixed_ablation_grid_sensitivity,415239340
ok,240,4234.638138313194,3128.359930501296,2287.1738206965747,2287.1738206965747,2270.5164611133555,2294.349987769915,2270.5164611133555,2261.565741762909,2270.5164611133555,0.2612450395236292,0.26889045010556933,0.007282944318655282,0.003942151269873406,0.011196385120334496,0.014289121616912537,A15,A,fixed_ablation_grid_sensitivity,4191670987
ok,240,4465.700176973411,3605.735919454252,2787.612149797055,2787.612149797055,2779.2577835699776,2814.9238457358265,2779.2577835699776,2769.8277110951694,2779.2577835699776,0.19257097956405844,0.22689508825178317,0.0029969614774728592,0.0033930182837142997,0.006379811016098524,0.016020374657371494,A19,A,fixed_ablation_grid_sensitivity,4144292166
ok,240,5180.154481682792,3519.9611100639813,2490.2641463642026,2490.2641463642026,2483.3189395319077,2548.586151219717,2483.3189395319077,2480.216662100053,2483.3189395319077,0.3204910929759551,0.2925307784667718,0.0027889438324986138,0.0012492464751384658,0.0040347062293849545,0.026826438292832933,A23,A,fixed_ablation_grid_sensitivity,1858656174
ok,238,2921.8697498224105,2190.2724511273923,1659.7305857144845,1659.7305857144845,1651.745539660759,1719.76812187405,1651.745539660759,1644.1958985942513,1651.745539660759,0.2503866911724879,0.24222642490883883,0.004811049529636735,0.00457070467891707,0.009359764321958175,0.043943263233328644,A27,A,fixed_ablation_grid_sensitivity,1688714289
ok,238,4673.872903004205,2876.2725797611906,2292.1639282778315,2292.1639282778315,2256.4930239472615,2328.958810304834,2256.4930239472615,2252.15026256276,2256.4930239472615,0.3846061629291585,0.20307833673116482,0.015562108752566695,0.0019245622913137694,0.017456720796201974,0.032979779377043106,A31,A,fixed_ablation_grid_sensitivity,3236260630
ok,240,5436.536772934904,3741.8375036466514,3085.1308808262343,3085.1308808262343,3072.185346204346,3149.7802977299525,3072.185346204346,3064.6414731074065,3072.185346204346,0.31172405155522787,0.17550377914070725,0.004196105488536439,0.0024555397044191407,0.006641341489324604,0.02703008355341663,A35,A,fixed_ablation_grid_sensitivity,2993130778
ok,239,12084.849228541869,4209.965571696588,729.4014332566062,729.4014332566062,678.911199583997,760.4658353652627,678.911199583997,669.2787048823434,678.911199583997,0.6516327599889673,0.8267440859468449,0.06922146210651403,0.014188151127210613,0.082427488668111,0.11990956890143634,A43,A,fixed_ablation_grid_sensitivity,1063807644
ok,240,14056.777078007592,5268.5051467468365,1170.1696751867842,1170.1696751867842,1109.029993949114,1204.7268144239263,1109.029993949114,1104.6867716079385,1109.029993949114,0.6251982145331428,0.7778934170901716,0.052248560643917696,0.003916235236983923,0.055960178226626134,0.08303960833130852,A51,A,fixed_ablation_grid_sensitivity,129877223
ok,240,10522.670243950055,3854.1828542399876,729.9643857698934,729.9643857698934,663.9371794943987,677.507585147528,663.9371794943987,627.9155151878532,663.9371794943987,0.6337257782589998,0.810604630507642,0.09045264065294878,0.05425462742420406,0.13979979375899176,0.0731978077394898,A55,A,fixed_ablation_grid_sensitivity,2251066307
ok,238,7123.360237500202,5027.410168481076,4942.688387888903,4942.688387888903,4868.533261174865,4946.26600448353,4868.533261174865,4824.104734119421,4868.533261174865,0.29423614686580235,0.016851973034412215,0.01500299450310083,0.009125649281221726,0.023991731718319254,0.02469767502463005,B63,B,fixed_ablation_grid_sensitivity,2974141486
ok,239,3904.734763684468,3127.4380018229176,2694.5369696155185,2694.5369696155185,2656.916779972286,3066.349229680959,2656.916779972286,2638.0052994660687,2656.916779972286,0.19906518852207544,0.13842034021300187,0.013961652806196434,0.007117829451329105,0.020980105593992437,0.13969182833732796,B67,B,fixed_ablation_grid_sensitivity,1801775386
ok,237,8089.360664048811,5746.799138956563,5188.300709211001,5188.300709211001,5140.498198251142,5579.68565231641,5140.498198251142,5121.619669843092,5140.498198251142,0.2895854966021222,0.09718426140207292,0.00921351973199891,0.003672509488374498,0.012852192481736302,0.08209530267769671,B79,B,fixed_ablation_grid_sensitivity,1509849864
ok,239,12743.02544486634,4457.912432928832,701.8422387858737,701.8422387858737,657.4644107343792,773.9890415162641,657.4644107343792,651.2513089174012,657.4644107343792,0.6501684429481581,0.842562578483677,0.0632304891313814,0.009450096028829957,0.0720830509659699,0.15857812709908226,C83,C,fixed_ablation_grid_sensitivity,2816520327
ok,238,3339.7409605050907,2530.865615153798,2470.6951071198023,2470.6951071198023,2442.5758239798074,2494.732181788356,2442.5758239798074,2424.5380086816303,2442.5758239798074,0.24219703112212665,0.023774675223259267,0.011381122283750655,0.007384751425561498,0.018681826950302738,0.028136957393320894,C87,C,fixed_ablation_grid_sensitivity,216908146
ok,239,4262.014728897126,3494.820798325141,3141.12976008304,3141.12976008304,2858.926862054289,2999.2325624451005,2858.926862054289,2849.4304015890893,2858.926862054289,0.18000733910427147,0.10120434169660542,0.08984120987771305,0.0033216870956873645,0.0928644725858887,0.04994683064319827,A4,A,fixed_ablation_grid_sensitivity,584298882
ok,240,3240.2597732657923,2589.9098765788667,2101.675938817629,2101.675938817629,2089.6726583707623,2180.620206635218,2089.6726583707623,2085.387481136402,2089.6726583707623,0.20070918450820718,0.18851387153524002,0.005711289845007905,0.002050645213351854,0.007750223229176956,0.04367231176205766,A8,A,fixed_ablation_grid_sensitivity,2361866520
ok,240,5225.480587864286,3934.1098571192833,3028.038404420332,3028.038404420332,3001.1215542967284,3112.659552847187,3001.1215542967284,2998.63793252279,3001.1215542967284,0.2471295623495562,0.23031168055952922,0.00888920367862911,0.0008275645384582253,0.009709411827347747,0.03663157450679122,A12,A,fixed_ablation_grid_sensitivity,3060553771
ok,240,3611.65263313824,2421.4299874130747,1902.424018064289,1902.424018064289,1889.1996570653544,1911.4021146346633,1889.1996570653544,1887.411292448779,1889.1996570653544,0.3295506978728894,0.2143386230643256,0.006951321510538122,0.0009466255246697308,0.00789136673683577,0.012551425993619247,A16,A,fixed_ablation_grid_sensitivity,2701843421
ok,237,2919.850374107948,2162.4215122565247,1897.7411045433178,1897.7411045433178,1890.6026490737565,1905.022940794905,1890.6026490737565,1880.1559357419064,1890.6026490737565,0.25940673829316596,0.12240000675770579,0.0037615539087345606,0.005525599647799195,0.009266368715580509,0.013053388765293494,A20,A,fixed_ablation_grid_sensitivity,3361466698
ok,232,2474.997301087744,1601.8076457218608,1349.8541630931368,1349.8541630931368,1343.0643014557277,1360.6381237206592,1343.0643014557277,1338.3830585983324,1343.0643014557277,0.35280428588028045,0.15729322013267089,0.005030070523952324,0.0034854942182004356,0.008498032460424354,0.016356343934763817,A40,A,fixed_ablation_grid_sensitivity,2776488886
ok,240,12795.736755385831,4347.723382942852,776.6307920637325,776.6307920637325,735.2340303589189,852.8602747001737,735.2340303589189,730.2223589624447,735.2340303589189,0.6602209418607443,0.8213706982577045,0.0533030136428283,0.006816430129094608,0.05975610750375637,0.14379602307170758,A44,A,fixed_ablation_grid_sensitivity,3070105959
ok,239,13201.70300709116,4729.917649976474,967.9105108572498,967.9105108572498,887.4925723053187,963.5526715804308,887.4925723053187,871.6985399109874,887.4925723053187,0.641719129158121,0.7953641939491136,0.08308406371236465,0.017796241779585054,0.09940172140609393,0.09532860463017878,A48,A,fixed_ablation_grid_sensitivity,1909383873
ok,237,14002.171228183783,5788.919078131438,1601.382916137395,1601.382916137395,1535.963616564975,1671.171495692535,1535.963616564975,1529.2378245771156,1535.963616564975,0.5865698980684214,0.7233709964634204,0.04085175313985123,0.0043788745484094616,0.045051742986178756,0.08493064385148696,A52,A,fixed_ablation_grid_sensitivity,3181837312
ok,240,17868.095141649675,6482.092573717056,1132.2046478983602,1132.2046478983602,1045.8239331762327,1159.202480972765,1045.8239331762327,1004.7376491102463,1045.8239331762327,0.6372253157188754,0.8253334652317199,0.07629425906568266,0.039286043054307274,0.11258300257353904,0.13325095002634646,A56,A,fixed_ablation_grid_sensitivity,2271394848
ok,240,13023.460780368045,4593.386150014765,496.1287760307714,496.1287760307714,460.5508930217024,569.0408340375354,460.5508930217024,457.6150849481974,460.5508930217024,0.6472991144612672,0.8919906230767956,0.0717109845828865,0.006374557335548592,0.07762841613562288,0.19581327459179854,A60,A,fixed_ablation_grid_sensitivity,2801823322
ok,238,4876.339235409397,3370.520607357128,3323.3722324775636,3323.3722324775636,3288.2045659485107,3335.3819335989415,3288.2045659485107,3275.8978506091935,3288.2045659485107,0.3088010401568886,0.013988454714280563,0.010581922237111407,0.0037426854359249306,0.014285002866795349,0.017834264313341675,B64,B,fixed_ablation_grid_sensitivity,1996803151
ok,239,4434.431595685792,3581.583841856833,3127.2192209911036,3127.2192209911036,2898.218523186171,3337.7536228978097,2898.218523186171,2890.372143314592,2898.218523186171,0.19232402968143314,0.1268613666266064,0.07322822022447018,0.0027073113392956927,0.07573727997279578,0.13403669956765862,B68,B,fixed_ablation_grid_sensitivity,2693566756
ok,240,4168.309007259412,2809.619446142843,2781.033027399956,2781.033027399956,2764.7292343165236,2782.0299696383486,2764.7292343165236,2759.063916483017,2764.7292343165236,0.3259570148830887,0.010174480669306152,0.005862495311202864,0.0020491402062767783,0.007899622442628318,0.008255142254386727,B80,B,fixed_ablation_grid_sensitivity,49058346
